use unimanager;

LOCK TABLES `administrators` WRITE;

INSERT INTO `administrators` VALUES
(1,'2023-01-24 00:00:00.000000','08:57:40.000000','4048690056','Roosevelt','Baumbach','Smith','02:30:48.000000','dfc50bbfeb4dc724cb41144de88ee2131e4056de','marilou.stracke@example.net','1-806-477-1555x','medhurst.vivian@example.com'),
(2,'2017-09-27 00:00:00.000000','15:17:06.000000','2610418533','Marilou','Bogan','McDermott','14:28:38.000000','401e0fb388a303ab66f64ebf4fdd9a4877c7d3aa','boyle.easter@example.org','00182403400','berry.stanton@example.net'),
(3,'2021-12-18 00:00:00.000000','20:19:58.000000','1319524171','Hollis','Schmeler','Luettgen','07:59:32.000000','9bede8fae3cdefeea860a4715bf4d1fb54869c20','feil.cristobal@example.net','298-033-1833x01','jast.alia@example.net'),
(4,'2009-01-12 00:00:00.000000','11:42:51.000000','9358446050','Weston','Spinka','Greenfelder','10:42:55.000000','e20782ac96ef55e60b33587f9d12b0f69d347a1a','dillon.schmidt@example.net','1-916-827-9580','mckenzie.narciso@example.com'),
(5,'1988-11-11 00:00:00.000000','13:19:39.000000','5104552958','Lester','Gulgowski','Nienow','01:22:52.000000','61aecb6d1c01dc46c3c0d9c14b0e18da1f21bac5','crystal70@example.net','216.765.9219x52','koepp.halie@example.com'),
(6,'1982-01-15 00:00:00.000000','01:01:32.000000','1643578100','Gladys','Schmeler','Fisher','03:19:20.000000','3dc3289cd21a3249d374299d08fa919554112a2c','nschuppe@example.com','+87(9)506550426','sheridan.auer@example.org'),
(7,'2010-03-14 00:00:00.000000','15:08:46.000000','4534375652','Deon','Runte','Champlin','22:49:01.000000','bf69346d371281578717102a04f3795bc8f4185e','darrell.ryan@example.org','135-972-0343x06','lenna98@example.com'),
(8,'2014-06-14 00:00:00.000000','22:31:56.000000','9701202252','Cindy','Gerhold','Rogahn','03:13:22.000000','00bbd2bb21ea74307ae6fb67da81f40b1b69c5f0','vcollins@example.org','1-491-484-4852x','medhurst.cedrick@example.org'),
(9,'1970-08-01 00:00:00.000000','12:37:25.000000','3674011484','Vito','Lueilwitz','Pagac','09:22:45.000000','249fba6314fae8017c88b74974bf94b1e6c4ce9e','leopold54@example.net','433.136.5320','twehner@example.net'),
(10,'2024-12-24 00:00:00.000000','07:05:01.000000','1785057698','Nigel','Senger','Erdman','02:26:04.000000','431faf929cf2f767821c035fb437575cff9e78d8','kasey40@example.org','112-107-4773','claire29@example.net'),
(11,'2007-11-12 00:00:00.000000','03:42:30.000000','1848391417','Margie','Mohr','Koepp','14:34:01.000000','4b1a8000b28e24f4c3fe671391cd069965d6ca40','mclaughlin.tristin@example.net','1-412-650-6615','holly66@example.net'),
(12,'2010-07-27 00:00:00.000000','17:44:54.000000','4457722650','Icie','Koss','Watsica','08:24:52.000000','77c21b082ff2959483430ba2458f24e6d7775433','abigail00@example.net','(441)697-4946x8','ycasper@example.net'),
(13,'1986-09-27 00:00:00.000000','03:56:55.000000','6917832767','Rogelio','King','Reilly','06:15:06.000000','2336e4cdd155184a5cb43a3fb75a649a60bf7d9e','emmitt.weimann@example.org','1-215-660-0659x','john99@example.org'),
(14,'2009-12-05 00:00:00.000000','10:22:17.000000','3142414978','Gus','Corkery','Fay','20:45:01.000000','bcfbe03d776eacadd6c9ef8584e7222bc47349dc','jarvis36@example.org','031.095.1737x47','enrico79@example.org'),
(15,'1995-08-08 00:00:00.000000','14:10:12.000000','5237298909','Lois','Becker','Ritchie','05:16:27.000000','c1fe52e0f160037ccc985f1acd1f60295b79b769','parisian.lynn@example.net','+53(2)559731012','schoen.tobin@example.com'),
(16,'2010-11-30 00:00:00.000000','17:52:24.000000','3403988167','Jaunita','Cummings','Cronin','18:07:41.000000','e7b6fed1ba90607e76989b75fec9ae43c1301601','iauer@example.org','(571)213-9647x4','bertram88@example.net'),
(17,'2007-03-05 00:00:00.000000','14:31:42.000000','9901342107','Margarett','Huel','Corwin','04:02:29.000000','065932480a8ccfea6aa87f74080cfdbdf84703c3','oda70@example.net','427.573.3486','qondricka@example.net'),
(18,'1972-02-13 00:00:00.000000','11:37:33.000000','6488237966','Elisha','Terry','Hansen','15:11:25.000000','6f1d8b8352be4346942b76f6c1988b9c0d684910','rhianna.kerluke@example.net','160.036.6293','leannon.raphael@example.org'),
(19,'1982-04-26 00:00:00.000000','01:22:56.000000','1932066714','Katelyn','Hagenes','Hauck','10:38:30.000000','d0d8255f68f91c68c4d0acc657b67f7ccd90130b','ksanford@example.net','(767)303-0325x4','fnikolaus@example.org'),
(20,'2011-03-01 00:00:00.000000','03:18:49.000000','1225780479','Stephany','Hauck','Gorczany','23:49:55.000000','d412a29b2e6c239f75e49f42ef2dca6456b45a30','nkshlerin@example.org','05538239959','sarina.wintheiser@example.org'),
(21,'1977-02-24 00:00:00.000000','05:15:14.000000','4843537838','Oral','Treutel','Hartmann','10:20:34.000000','b413f58702e8bf6175f309eb1f6f63aecc3c6c00','ulegros@example.org','983-632-7355x91','terrell34@example.com'),
(22,'2015-11-29 00:00:00.000000','22:44:00.000000','8869507207','Hunter','Huel','O\'Keefe','14:10:13.000000','a5c8a85dd317975cc1ff7c6a1968ce066f8599f6','lhettinger@example.net','1-336-253-2076','awaters@example.com'),
(23,'1993-11-14 00:00:00.000000','02:42:39.000000','8955805961','Brandon','Botsford','Kshlerin','10:02:46.000000','4763d743b0c8ca5f814a7cf26616bbacad181a8b','sporer.leonard@example.com','(111)548-0542x0','dpaucek@example.net'),
(24,'2025-01-06 00:00:00.000000','17:59:18.000000','8312365094','Antonette','McClure','Lebsack','23:43:04.000000','ad577e498988d5c68cd77b3d71e540b66dad354d','justine48@example.net','389-746-7851x62','beau33@example.org'),
(25,'2010-02-13 00:00:00.000000','11:41:32.000000','5123559957','Danika','Jacobs','Gerlach','22:04:57.000000','4f39beb211476d7714d440e349657099170256f3','kian.rutherford@example.org','598.578.7155','garland03@example.net'),
(26,'1977-04-25 00:00:00.000000','12:29:21.000000','8864384969','Margarett','Schumm','Stiedemann','12:55:50.000000','428d596ff8338a307766266c8490e014eca76613','juliet.botsford@example.org','(243)698-7267','stanley.koss@example.net'),
(27,'2006-04-27 00:00:00.000000','07:38:28.000000','6370344618','Norene','Vandervort','Balistreri','04:21:09.000000','f413a004164997160e8d525eed19a0d5a6bcee9b','mwintheiser@example.net','(145)955-3865x1','julianne.hackett@example.org'),
(28,'1992-06-19 00:00:00.000000','13:56:32.000000','2335721635','Ceasar','Wuckert','Grant','06:18:56.000000','ca938df3773d4c5ec84a50c330859ea462db0b16','malika.konopelski@example.com','(130)620-3274x2','federico.rath@example.org'),
(29,'2020-11-01 00:00:00.000000','10:11:26.000000','4066053084','Cale','Luettgen','Lynch','12:45:30.000000','a1ebec6da6106820b4d2af9de4e18cd05a7c9c2a','mathilde80@example.com','1-738-406-7216','grimes.kaleigh@example.net'),
(30,'2002-02-03 00:00:00.000000','10:13:21.000000','8942168325','April','Rempel','Frami','13:23:20.000000','cd0aa5d33806d45782099ebd0bd4f2e60526fd43','hbartoletti@example.org','960.447.9745','schinner.roselyn@example.org'),
(31,'1982-01-07 00:00:00.000000','05:16:28.000000','1650315341','Otto','Shields','Predovic','06:59:38.000000','30cda391cefa4f1f58e6ea2bff8ce4b7731349e5','tyshawn.donnelly@example.org','898-392-9486x62','cora58@example.com'),
(32,'2024-11-06 00:00:00.000000','17:50:31.000000','1762361900','Keyshawn','Kuphal','Maggio','09:37:46.000000','647a4283a883ed36ed66b73561d53db7e17c0031','tvonrueden@example.net','1-652-761-4993x','bosco.hosea@example.net'),
(33,'2011-10-22 00:00:00.000000','16:50:15.000000','3757247220','Evangeline','Hegmann','Ritchie','04:37:07.000000','2216575b06393e334bd8dfb3d5b92ec29133e947','kkuhlman@example.com','(882)512-3176','mathew24@example.org'),
(34,'1972-10-04 00:00:00.000000','09:30:00.000000','4443193939','Harold','Koss','Davis','10:43:01.000000','f4fda72b4e8d43483e51dc122018cfb4f2cc8e4b','cmcglynn@example.net','1-943-083-6298x','marietta.blanda@example.com'),
(35,'1980-05-20 00:00:00.000000','19:23:00.000000','2911772379','Camren','Murray','Kassulke','14:34:58.000000','93920205ea30f834c2cb65800007b3a9997e92f0','aurelia64@example.net','813-180-4996x68','alycia86@example.org'),
(36,'2000-01-07 00:00:00.000000','10:54:42.000000','6951965541','Nick','Stroman','Reinger','04:59:07.000000','a5be7ed4dbfff46f5de7942568909dea511455ac','sammie.kunde@example.com','+50(1)787168227','gustave41@example.net'),
(37,'1999-02-21 00:00:00.000000','09:55:02.000000','9002258485','Norberto','Hackett','King','07:06:30.000000','2af6c13f81c1303ecef88cf778b23d1cc38fcc5f','osinski.lyric@example.org','(024)856-1609','cartwright.isidro@example.org'),
(38,'2005-12-27 00:00:00.000000','17:57:24.000000','3544509695','Tito','Larson','Monahan','00:28:34.000000','b8428fbe4d8f566cd779382d4d5a682e59e6fee8','keshaun76@example.net','1-397-737-3540x','wsawayn@example.org'),
(39,'1982-05-19 00:00:00.000000','11:11:53.000000','4709100313','Sandy','Purdy','Cartwright','07:01:43.000000','b3d4dd9776e7fb916edc52bfe765f396dec1731d','lavern05@example.org','1-700-765-7930','johnny01@example.net'),
(40,'1973-12-27 00:00:00.000000','12:36:17.000000','5746252562','Saige','Nienow','Ankunding','04:39:55.000000','5d2f31f33ac5c79190e4ad76a58f905ee7245511','morar.lia@example.org','1-794-234-7341x','armand02@example.com'),
(41,'1980-10-04 00:00:00.000000','05:38:47.000000','5462544683','Damian','Nolan','Simonis','17:47:17.000000','f35c20808f1b53601719f001381e56ac34ae6331','mallie.connelly@example.com','(690)052-5437','colleen.mclaughlin@example.net'),
(42,'2019-06-19 00:00:00.000000','09:50:51.000000','8075091590','Rachelle','Schamberger','Collins','06:57:29.000000','629e2c915501a59979caf18ba5278d325d7d137a','berge.tommie@example.org','(233)985-0589x4','ojacobi@example.org'),
(43,'1985-08-28 00:00:00.000000','07:50:33.000000','1711819196','Cathrine','Zemlak','Prosacco','13:09:25.000000','ee9ba8cf9ee8156cae4e7c2c365a5dad6876a57f','kyle67@example.com','298.145.3945','alba14@example.com'),
(44,'2024-04-11 00:00:00.000000','02:50:08.000000','7519977246','Lily','Dach','Beatty','14:00:37.000000','d9ce7c2c0e0fdad3a4ca2b75282f00358aa571b8','eveline.crona@example.net','(598)023-7520x7','nwhite@example.com'),
(45,'1974-09-21 00:00:00.000000','22:18:38.000000','4140046149','Lindsey','Roberts','Miller','03:02:51.000000','6c17f403954b23ea6e6802d0355568543da7adc1','hessel.bennie@example.org','913-044-5754x57','svon@example.net'),
(46,'1999-04-22 00:00:00.000000','06:31:18.000000','9101356426','Elody','Donnelly','Jacobs','05:56:32.000000','7bd1722ae9be4b69b4ee421037f47b09067fa67f','augustus12@example.org','1-761-815-2072x','mary40@example.org'),
(47,'2006-03-22 00:00:00.000000','08:13:47.000000','1988090703','Rita','Jones','Hilll','17:28:08.000000','4408792609bda607220365e63bc5624eecde1eec','selina39@example.net','1-809-996-7722','eileen.gutkowski@example.com'),
(48,'1975-03-10 00:00:00.000000','19:05:47.000000','3581187744','Jeffrey','Boyer','Cassin','04:33:23.000000','fb8cb865d6606eb7cccb32029f21e285d0c7fe25','zaria77@example.net','802-446-3349x88','sbecker@example.com'),
(49,'2023-01-17 00:00:00.000000','06:47:31.000000','1945435609','Agnes','Metz','O\'Connell','08:58:17.000000','25819532aaf541ce69d65d133cbc09c13f5925a0','felipe96@example.com','1-103-280-2586','west.leonie@example.com'),
(50,'2001-05-12 00:00:00.000000','09:20:04.000000','6078928038','Kailee','Kunde','Upton','18:21:02.000000','05c91ac0a7a9c332e565aded332a0ea49c201050','rebekah12@example.org','1-775-240-3400x','harris.lew@example.net'),
(51,'1987-07-15 00:00:00.000000','14:37:25.000000','2354815285','Lea','Feest','Kilback','03:43:27.000000','eedcd2dbb73e81c7fc601c8af4130a1a7f215f4d','hickle.glenda@example.net','+11(7)683279521','mclaughlin.sylvester@example.net'),
(52,'2010-06-20 00:00:00.000000','07:42:20.000000','7251418844','Rubye','Klocko','Schmeler','19:56:25.000000','27ef31090d1f4ea8f9188954b6d0021b29fb125d','weber.monserrate@example.org','678.704.9787x30','mossie68@example.org'),
(53,'1983-07-10 00:00:00.000000','18:37:33.000000','8211192891','Jena','Jakubowski','Schimmel','10:16:33.000000','e30836a5d0584ae8e163bf7175fd06aabb42ab98','julia.mayer@example.com','(335)895-5426x8','brent.raynor@example.net'),
(54,'2010-06-30 00:00:00.000000','03:38:26.000000','8502978226','Ludwig','Ebert','Hansen','07:01:16.000000','56c27cb523ac9637f73352f80857a7941cf6481d','casper.velma@example.com','(003)878-6539','kunze.kasandra@example.org'),
(55,'2010-12-10 00:00:00.000000','14:04:13.000000','1984402710','Krystel','Nader','Wintheiser','11:27:50.000000','0fb8df3d465411460fb2b56180a9bfad4d0e48fc','tdicki@example.com','400-059-0293','dicki.frances@example.net'),
(56,'1988-12-17 00:00:00.000000','05:59:59.000000','6817088883','Eladio','Miller','Ullrich','11:53:20.000000','6e4b445a722e38a5a9dd80fd48ca9a2947b1a393','katharina60@example.net','(304)420-3490x5','pearline.kutch@example.com'),
(57,'1997-04-22 00:00:00.000000','04:59:23.000000','9792878049','Vivianne','Casper','Hand','14:37:24.000000','f82ff8f28dd2b6ab67fe037277a9a0f493ad7d1c','fgreenfelder@example.com','600-214-1167','pollich.emile@example.net'),
(58,'2004-09-26 00:00:00.000000','04:31:57.000000','3626361808','Jazmyne','Schoen','Douglas','15:50:00.000000','08ac21b1080c1d98e224a568d3a105413e15ab06','delia.moore@example.com','1-378-689-0331','borer.irma@example.net'),
(59,'1994-07-27 00:00:00.000000','01:28:53.000000','5407998290','Houston','Jacobson','Koepp','13:59:19.000000','a97a3df64304fb4d9deced597e8f80ca8b7901bd','rice.carmella@example.com','491-823-4299','rsporer@example.net'),
(60,'2010-04-08 00:00:00.000000','13:43:41.000000','6263062847','Eloise','West','Kirlin','20:41:48.000000','3afbe9a2fd3a95b4f9524db253b367cf2d7e1183','hermiston.janie@example.org','927.936.0913x00','rschumm@example.net'),
(61,'1980-08-21 00:00:00.000000','17:58:27.000000','9485731703','Annie','Powlowski','Quitzon','03:00:38.000000','78c68afa34059c653cb5142816cc83da8587afcf','tremblay.jaren@example.com','1-543-148-6397x','jeanie.runolfsson@example.org'),
(62,'2015-10-28 00:00:00.000000','07:54:38.000000','9130110931','Wilma','Thompson','Kshlerin','21:12:19.000000','46f4d0de59ac99326c3eea91534eb24c66f036d4','rachel.wolff@example.net','+78(0)943320624','pgaylord@example.net'),
(63,'2000-11-08 00:00:00.000000','16:07:57.000000','1635566941','Favian','Yost','Eichmann','16:25:48.000000','8d67dc23cece67d044ba9d49a373a0d74da11071','uharvey@example.net','(045)460-1286','anissa50@example.net'),
(64,'1998-05-30 00:00:00.000000','13:43:16.000000','1252408156','Caitlyn','Bechtelar','Stiedemann','01:05:03.000000','9a14e005e8cbc8a1103f6db8aff2dbb3912a581a','pritchie@example.org','06429196223','hollie92@example.org'),
(65,'1989-05-14 00:00:00.000000','15:36:02.000000','3928495788','Priscilla','Hackett','Dare','00:12:16.000000','9034ccf9bb575a3861036be0b90b3a56939bf7a2','jayden78@example.org','(482)688-2714x3','schaden.elmore@example.org'),
(66,'2019-07-10 00:00:00.000000','16:18:39.000000','1503243772','Salvador','Champlin','Beer','13:58:58.000000','52bebdbfa6400492d30f3a7b4796df9a3c49290a','parisian.myra@example.org','1-603-677-7917x','ywillms@example.com'),
(67,'2014-08-21 00:00:00.000000','22:56:21.000000','9908143613','Claire','Fadel','Ankunding','05:47:26.000000','c41a0feb8ec4cd2f214fdd71838f3368cc36f678','reinger.ronaldo@example.com','413-252-6204x63','fcrona@example.net'),
(68,'1992-09-24 00:00:00.000000','10:32:02.000000','2209931941','Hal','Stracke','Jakubowski','12:49:18.000000','a3b81a725182bc61ab703edbbd9fef3448352088','stamm.kolby@example.org','(233)494-2016x0','abbigail11@example.com'),
(69,'1987-04-27 00:00:00.000000','06:33:37.000000','6241219860','Madonna','Stamm','Roob','15:51:21.000000','bb6da26f9277018d39c4e5c899886f353cfa342b','mbailey@example.com','050.427.0641x64','kreiger.orval@example.net'),
(70,'1984-04-04 00:00:00.000000','21:11:54.000000','8192270167','Guillermo','Tremblay','Thiel','14:09:03.000000','c4f7c9589b5d2bf897d8591d9a49a8478d7c3d02','price.verlie@example.com','1-844-740-3139x','nienow.alena@example.com'),
(71,'1972-08-01 00:00:00.000000','13:04:24.000000','1883579145','Cale','Pollich','Runolfsdottir','04:01:20.000000','065037bb61cfe1b76cb3e8686fac77e8db75c2bd','elinor94@example.net','456.716.5675x41','bianka72@example.net'),
(72,'1976-07-08 00:00:00.000000','11:18:25.000000','3603802210','Payton','Yundt','Graham','17:04:21.000000','cd394d464d5536d246d48c33606ecbccc4d709a7','carlee.mclaughlin@example.net','297-464-5304x26','kaelyn.mills@example.org'),
(73,'2008-12-01 00:00:00.000000','00:04:09.000000','6144195606','Kole','Wiegand','Schamberger','11:38:45.000000','5b8ec13c1af132ecd66586e9ee5964a615a682e9','napoleon.sporer@example.com','707-240-8283x68','tremblay.ahmad@example.org'),
(74,'2012-09-24 00:00:00.000000','11:49:30.000000','3721416788','Crawford','Hilpert','Ebert','07:52:28.000000','cbad600220e77170977a65abfc6ed439d644cc5e','aufderhar.nia@example.com','595.571.5741','ereynolds@example.net'),
(75,'2006-09-21 00:00:00.000000','00:47:26.000000','8285180658','Marshall','Renner','Parisian','14:23:21.000000','fabe656f6ebb813737908310d8d60f88963a8c15','sidney03@example.org','630-988-3459','thowell@example.net'),
(76,'2015-04-25 00:00:00.000000','23:56:34.000000','2210643806','Lambert','Schneider','Kiehn','23:32:30.000000','99fb5402f90ea0f0be04ae93787f757d1bdb7b6a','jamir63@example.net','(777)616-1130','tbergnaum@example.net'),
(77,'2009-07-24 00:00:00.000000','07:18:02.000000','6762808422','Elvis','Block','Ritchie','05:07:16.000000','099d27c52d48a960a809e18e3c07b6e24e994562','juana.pollich@example.net','1-400-426-7035','kohler.johann@example.com'),
(78,'1996-04-04 00:00:00.000000','04:26:28.000000','2200983129','Oswald','Block','Spinka','06:04:17.000000','c3b1dbc8316dfcc204399744d9f8a718742d2c62','fbeatty@example.org','1-105-701-8844','hilpert.manley@example.net'),
(79,'2000-01-31 00:00:00.000000','05:56:43.000000','8245566577','Colten','Pfeffer','Satterfield','17:38:43.000000','98315e90fd391caae267eb74deb36ab98b464efb','boyer.kiera@example.com','1-540-952-9779','klocko.ernesto@example.net'),
(80,'2024-07-11 00:00:00.000000','07:19:49.000000','7943665938','Rusty','Cartwright','Oberbrunner','09:29:41.000000','abf7f42634360ccac65d5ca6726e5def14a913b1','elyssa93@example.net','09515716965','anabelle59@example.net'),
(81,'1994-10-02 00:00:00.000000','18:50:58.000000','2273179425','Mariah','Deckow','Ernser','21:32:45.000000','eeff0916c4001b1e0c7d49d27ee5a5998d9e26d7','nolan.nia@example.org','(911)832-9389','hhand@example.org'),
(82,'2024-06-02 00:00:00.000000','22:33:21.000000','7916256305','Mack','Satterfield','Ledner','08:57:44.000000','bcf83e514f6ca521c439b90bdc152e1b85a462a0','anastasia.emard@example.net','1-032-008-2024x','oturner@example.net'),
(83,'2023-07-13 00:00:00.000000','23:32:33.000000','2801245141','Dejon','Balistreri','Rice','01:47:03.000000','3b74224e3bb5d7955a820d8708e4532692c273be','jerel.ebert@example.org','05926957047','schulist.leland@example.com'),
(84,'1998-11-12 00:00:00.000000','06:07:08.000000','7031752438','Darby','Turner','DuBuque','04:47:54.000000','70bd13ab06bd0da6caf645bcde71855983a4ac52','hertha.koelpin@example.org','802-838-6817x69','vfeest@example.com'),
(85,'1991-11-18 00:00:00.000000','07:31:27.000000','2505694666','Rick','Goldner','Ward','12:23:30.000000','843506e494f1d86e24dc300a6e3d2bfaa15ec119','verlie.lehner@example.com','081-961-0049x44','filomena29@example.net'),
(86,'2003-09-20 00:00:00.000000','12:41:29.000000','8590313959','Jorge','Doyle','Feest','15:49:29.000000','bb5697b9a67b2797a4f3c5af748c43cd363be938','bode.letha@example.org','353.379.1940x32','sconsidine@example.org'),
(87,'2006-06-06 00:00:00.000000','12:20:19.000000','3823206253','Maida','Turner','Schmeler','17:34:07.000000','1d0e0bea1368f92f1a3c6789744baceae58fb700','maci04@example.org','486-224-1627x83','wwunsch@example.net'),
(88,'2005-06-25 00:00:00.000000','11:04:02.000000','9474833540','Jules','Jacobi','Orn','05:53:17.000000','18c6c2ee4eab13225296cca97edca080417eff7e','amoen@example.org','458-085-6184x44','andreane65@example.org'),
(89,'2009-12-17 00:00:00.000000','05:31:24.000000','8840836528','Viva','Hintz','Stamm','14:36:42.000000','9a8c1845736bc4cd40a0eaf9e6759603c671fa6b','jovan.ankunding@example.com','08009533213','lynch.harrison@example.net'),
(90,'2021-03-10 00:00:00.000000','06:19:45.000000','3494341793','Dejah','Bernier','Pfeffer','09:08:40.000000','936c8248a3eab2c0abbb6a92d4d33fb48022ebba','ukozey@example.net','+84(8)550088774','mattie05@example.net'),
(91,'1974-06-07 00:00:00.000000','15:09:04.000000','6062651870','Delia','Gottlieb','Klein','00:16:09.000000','a5c1fc342477336aad41613148c9eaa54901cb52','anthony45@example.net','1-834-252-9380x','marilyne.gerlach@example.com'),
(92,'1971-03-18 00:00:00.000000','07:50:29.000000','4342652922','Brandi','Keeling','Brakus','04:49:05.000000','efec67a24a8a9605084cdf6fada1d1a00eab65f0','romaguera.kiera@example.org','(468)380-7608x0','msanford@example.net'),
(93,'2008-03-16 00:00:00.000000','04:58:11.000000','3824640196','Cassidy','Nolan','Schuster','21:45:52.000000','2c1f5a772247b50520240d6178ba8164bb42d545','emraz@example.net','1-542-315-3937x','reyes63@example.org'),
(94,'2021-04-19 00:00:00.000000','23:11:59.000000','7021993342','Wava','Gottlieb','Bartoletti','22:00:26.000000','f22ec402278d243cea38ee8c76afed9754f4eea5','ystiedemann@example.com','1-306-899-1050x','krystal44@example.net'),
(95,'1972-08-12 00:00:00.000000','05:55:21.000000','9737305191','Alexandra','Hayes','Kreiger','06:18:18.000000','bbaae84ee5c9e58c8bc8d33bca8312d7426b90d7','camila.deckow@example.org','(947)883-8229','carter.oliver@example.com'),
(96,'2013-06-14 00:00:00.000000','12:47:31.000000','1352720602','Preston','Borer','Wintheiser','03:49:54.000000','32dbf19199a57c21ccb6c0787edd9fa7c7781447','xjenkins@example.net','+06(2)705312841','walker.camylle@example.net'),
(97,'2020-12-23 00:00:00.000000','04:52:58.000000','5683607152','Kaitlin','Jacobs','Kovacek','02:15:46.000000','d03c9285f8ca9b27dfae3e5b19ccc67ec9944d23','lvolkman@example.net','871-052-1176x53','jazmin.crooks@example.net'),
(98,'1998-10-22 00:00:00.000000','21:28:58.000000','7921401617','Bernice','Rosenbaum','Wilkinson','13:35:23.000000','d0ff9ccac2a5158fa83466635f86a57144f49b3a','willis15@example.org','1-262-547-2079','gerald20@example.org'),
(99,'1977-12-09 00:00:00.000000','00:04:56.000000','8417855798','Jarrell','Mann','Batz','04:09:45.000000','08348fa6e327a54f74a56fa8aaf324386cae659a','hilpert.brennan@example.net','1-464-179-8909','zane.daniel@example.org'),
(100,'2001-02-10 00:00:00.000000','11:23:59.000000','3680805445','Donato','Kirlin','Cassin','02:55:00.000000','3c7df61b63d2fecdcfe321807e09d96e55989bf8','ufay@example.net','1-900-316-9262x','fdicki@example.com');

UNLOCK TABLES;

LOCK TABLES `teachers` WRITE;

INSERT INTO `teachers` VALUES
(1,'1976-07-24 00:00:00.000000','9169630560','Jayson','Emmerich','Lehner','f46fffcd4cbb7c08434a16a741c2f24212379ce2','vgreenfelder@example.net','074.818.0642x41','quitzon.isadore@example.org'),
(2,'1999-09-13 00:00:00.000000','8612439135','Rosendo','Dickinson','Heller','0a300d209184d08e01da663c0d41c50f88d9c6c7','bins.mozell@example.com','695.644.5188','veronica32@example.net'),
(3,'1990-02-11 00:00:00.000000','4689013706','Bernice','Ankunding','Bayer','9b39c6a1e13dc18d02bb6348e1ae54a56ce61425','erich.veum@example.org','(306)129-1111x6','eldora41@example.net'),
(4,'2019-04-04 00:00:00.000000','9361201389','Ashlee','Dibbert','Daugherty','c15334bd7964fb09dbd71ba745b5fd76789441af','dagmar.runte@example.org','+49(7)207284450','ebernhard@example.org'),
(5,'2020-08-18 00:00:00.000000','5635839399','Kim','Hane','Legros','46497fe9edfa8753f5d70dfb7959dd26deaa9839','monique23@example.org','1-739-089-5593x','gtremblay@example.org'),
(6,'1992-07-11 00:00:00.000000','9703928789','Jeffery','Hodkiewicz','Littel','1deb79c7a0434248c305756a6cc24010bb7a8384','uschmitt@example.net','843.310.7720x08','mccullough.deion@example.net'),
(7,'1977-09-12 00:00:00.000000','2517151239','Eriberto','Hegmann','Powlowski','2e9b3ec25b525b3adfd3f0238201fdf1071e32f5','caleb51@example.net','076.048.8942x50','qbartoletti@example.org'),
(8,'2024-06-30 00:00:00.000000','6879311810','Kristofer','Hermann','Grant','5c4fe173722c955fb73f786a847d11a8f53f16c9','mupton@example.net','251-215-7888','javier29@example.net'),
(9,'2023-12-25 00:00:00.000000','9040653039','Judy','Reilly','Watsica','67a7a2b37721927c740d2733bc5a6655fffa23d0','arno70@example.org','564-529-7586','trey93@example.org'),
(10,'1972-02-10 00:00:00.000000','5592849816','Ford','Raynor','Frami','3b407338523f604c258010f49dc8b97e858ca4e6','ekris@example.org','+50(8)776481943','ohintz@example.org'),
(11,'2017-05-14 00:00:00.000000','7798983174','Percy','Turner','Douglas','afee51c0a56fa321823adf7ed42fa14667e7d260','ksimonis@example.org','08535452908','kole67@example.org'),
(12,'1975-09-28 00:00:00.000000','4538294891','Jerome','Lubowitz','Nicolas','8db6fb2132d065c5b6c92adda10d23cd2c6f6620','eschuster@example.net','04992452729','prutherford@example.com'),
(13,'1978-05-12 00:00:00.000000','5529695333','Mauricio','Bashirian','Barrows','a18ac5a056064fcec1c383511f2503401de20c93','humberto80@example.net','1-223-607-9028x','jkuhn@example.org'),
(14,'2018-07-05 00:00:00.000000','9270385235','Emerson','O\'Connell','Weber','d42ce16eaaf6ad31eda020acf25e4f77e4c189f6','cwuckert@example.com','1-096-359-4338x','pearline.effertz@example.net'),
(15,'2002-11-23 00:00:00.000000','9987440958','Lelia','Lind','Conn','b37aa5c740dbcbfafe23a6046c03ea94830250f2','swift.ruby@example.com','162.266.9882x64','delores85@example.org'),
(16,'1993-07-20 00:00:00.000000','8072320986','Jenifer','Stoltenberg','Bauch','5611dac488cdc47794253c9064c609d877947dee','feest.nyasia@example.org','1-590-285-4168x','brigitte.cummings@example.com'),
(17,'1977-09-30 00:00:00.000000','7895898036','Letitia','Wisozk','Little','84836a90a8739554098de957d1a1795378080c3c','mathias.bayer@example.com','(178)233-9784','jovan44@example.org'),
(18,'1972-04-13 00:00:00.000000','7535820722','Aurelie','McGlynn','Langosh','725187bcc5d37729cadaef611a1529905e0e23eb','jcorwin@example.net','144-790-8715','ariane60@example.com'),
(19,'2017-06-07 00:00:00.000000','3351572382','Judson','Yundt','Kling','2ec24fb0698a72be86317961ae214e99211119df','oscar88@example.org','498-642-0136','dzulauf@example.org'),
(20,'1997-11-21 00:00:00.000000','4208935951','Niko','Botsford','Nienow','3f410dd7e92274f199d68fec93659e06ff56109d','tlindgren@example.org','170-166-2194','eladio17@example.com'),
(21,'1971-08-12 00:00:00.000000','2905915357','Elda','Murray','Lakin','d6204daf7583c46dc9aa7e945074d6c8261077fc','geovanni.rodriguez@example.net','+70(7)670714583','shessel@example.org'),
(22,'1981-09-02 00:00:00.000000','2320984532','America','Mills','Stanton','e7d15f2eecf450c8e9924bea3ee6ff053e93b2cd','ojenkins@example.com','1-597-306-6784','xbalistreri@example.net'),
(23,'2019-07-18 00:00:00.000000','7232670374','Tad','Pouros','Waters','b5f8582c74af67055dcf291c7697d61a08a79aae','dayton69@example.net','1-288-021-1491','icasper@example.com'),
(24,'1987-04-09 00:00:00.000000','7074958426','Gust','Glover','Reilly','381b8d3564ed5b9deef69ae2848992f218bdad3b','wleffler@example.com','1-068-376-0469x','pacocha.toni@example.com'),
(25,'1987-09-17 00:00:00.000000','9495315563','Mohamed','Cronin','Gerhold','b078e82b4c8f754be8bdbef3d5731e2803f0de9c','barton.viviane@example.org','769.966.4267x17','dschiller@example.net'),
(26,'2024-08-16 00:00:00.000000','4793387875','Aiden','Marvin','Hermiston','47cdf27eeecfac209483ed71263fdf68d099bb86','kaia.walker@example.com','130-787-8427x66','sam72@example.org'),
(27,'2000-10-05 00:00:00.000000','5812306257','Roslyn','Moen','Jaskolski','d5d3d0bc728249558f9e82eec6a5cf4145053e6e','rlowe@example.com','390-486-0956x02','jzboncak@example.org'),
(28,'1999-12-24 00:00:00.000000','3433262262','Braulio','Kris','Fritsch','d91eefefa46ce4b96e7b927a76814721f5d4254d','botsford.gunner@example.org','(521)325-8897x7','skessler@example.net'),
(29,'1975-02-01 00:00:00.000000','7469036897','Percy','Abernathy','Predovic','1a4492f62cb9b9350198a47416183cfc250fe6f6','clifford.adams@example.com','09795275914','aliya.kunze@example.net'),
(30,'1980-04-08 00:00:00.000000','3779617147','Damaris','Marquardt','Bruen','4a182729707747df7ebc941ef678624a291b6778','zoie00@example.net','(649)335-8105','owen.hahn@example.com'),
(31,'1974-02-28 00:00:00.000000','8333339968','Kraig','Morissette','Jenkins','78362050ace9a5530c55ba6121ff75c9f093b1c2','colin61@example.net','(342)299-6653','davonte.stroman@example.net'),
(32,'2000-04-20 00:00:00.000000','6300370419','Estevan','Grant','Block','044f8903c9b401dab20bb876e9a80552f3b08549','flavie53@example.com','331.494.7093','predovic.austin@example.net'),
(33,'2000-09-13 00:00:00.000000','8201754214','Julie','Shanahan','Parker','e2fee3be487cda11a7efd5656657e421e1576356','jalen.sanford@example.com','013.094.0826x32','leffler.clifton@example.net'),
(34,'1990-01-02 00:00:00.000000','3539538972','Mervin','O\'Keefe','Denesik','538a1b2c445a857c31317edaf16818bc76926573','mose.cummings@example.com','740-908-8844','rosa.dibbert@example.net'),
(35,'1990-04-10 00:00:00.000000','7623085363','Chesley','McCullough','Feeney','14af23be1f0f6d69cf732cdd9e07e3e1428b70e8','ebartoletti@example.org','1-137-480-1163','thompson.elsa@example.org'),
(36,'2024-09-01 00:00:00.000000','1352988881','Brooke','Reichel','Nienow','d27c2b15dc4c3b0fbbb9d318223414bea68f6b0f','barton.fanny@example.org','1-977-649-3025x','jed.lubowitz@example.net'),
(37,'2007-11-05 00:00:00.000000','2964315093','Patsy','Gusikowski','Russel','09adc3ff039bce2eaa03efd53885a893df11a1fe','rhea03@example.net','1-778-738-1408','bernhard32@example.org'),
(38,'1994-12-04 00:00:00.000000','2697078300','Alexys','King','Lesch','fbbe5bad8391f043b416e81ad456d71cc7246c13','bailey.hilario@example.com','265-925-7610x56','clovis.flatley@example.net'),
(39,'2001-11-16 00:00:00.000000','3591919823','Ebony','Dicki','Reinger','7a377e6ff339b6ae8707ebd5b9426edd273df1c3','bernhard.karen@example.org','657-152-8725','odonnelly@example.org'),
(40,'1989-03-02 00:00:00.000000','7559920440','Nat','Mayer','Cole','c5dd1d64b83bd7f8008686e95af1926b4fa40b8e','eldon.cronin@example.net','942-162-7962x30','ewell.miller@example.com'),
(41,'1991-08-14 00:00:00.000000','3710009373','Else','Dickinson','Champlin','2510310483954dc4607e3c72860449d7cb3124bb','lola90@example.net','09093435158','weimann.salvatore@example.com'),
(42,'2023-12-15 00:00:00.000000','2128237721','Wyatt','Carroll','Hartmann','93ad992d72cf293ee2a56c9b23f964a53063e267','monserrat85@example.net','1-458-465-5044','maynard.gottlieb@example.org'),
(43,'1971-08-04 00:00:00.000000','7753312756','Franco','Mraz','Huel','1ac2b614c91f027bba96c065a9a81cfdd1809ebc','veum.alden@example.org','01096145782','ledner.jayda@example.org'),
(44,'1972-04-09 00:00:00.000000','8840396406','Lavern','Spencer','Eichmann','2fc6ff6b3438840f040755698b04e725d3226896','hamill.oliver@example.net','1-176-585-3986x','hhansen@example.com'),
(45,'1994-03-13 00:00:00.000000','8416913770','Danny','Raynor','Tremblay','13f0d0d02f72f871f633d1b78753eee3fdec13a9','taya.moore@example.org','134-650-2865x74','dorcas.howell@example.net'),
(46,'1993-10-06 00:00:00.000000','9847649253','Teresa','Beier','Kshlerin','917495110ec21b21b2991a93fa6e646f71b3ad03','blick.vincent@example.org','590.288.2147x18','jan.huel@example.org'),
(47,'1999-05-02 00:00:00.000000','3477367440','Priscilla','Kozey','Conn','53c65cb253b9cd2ddc434d06b1e90ddc12d9d2d9','clotilde61@example.com','06430741744','qrodriguez@example.org'),
(48,'1996-12-15 00:00:00.000000','8125584313','Mckayla','Spinka','Botsford','62c5bac133b8152a73b46eef2861110dd03c4a85','kaleb.hahn@example.org','07590181047','burdette.grant@example.com'),
(49,'1973-01-27 00:00:00.000000','7032126723','Rocio','Romaguera','Murphy','fcb7f66a5ddfb6399eb279b82284159136ab336c','jazmyne18@example.org','549.986.2060x87','vito.hodkiewicz@example.net'),
(50,'1972-12-20 00:00:00.000000','3698813861','Jabari','Schoen','Wilkinson','4ef0d8ead4c510ced2c5fdef0860ab76c88f4369','keeling.kylee@example.net','310.909.5939x03','sawayn.christopher@example.net'),
(51,'1981-01-24 00:00:00.000000','2153115036','Carleton','Koss','Gorczany','2d98bb4c6a90be00d7b3e8de4fc38aa2fbf56dac','ross.thompson@example.net','1-195-986-8481','orville43@example.net'),
(52,'1990-11-19 00:00:00.000000','5916955796','Alejandra','Swift','Grant','ba1156bcbf5aa87062e0ade599416bdda885afdc','ngislason@example.org','125.103.8351x78','hannah.conn@example.net'),
(53,'2021-10-01 00:00:00.000000','2012538507','Adelbert','Glover','Bogan','853fa569d36ec5eb42bec2bae3b0987e7fef75dc','legros.brandi@example.net','346.903.4093x21','medhurst.merlin@example.org'),
(54,'1982-11-09 00:00:00.000000','9386307843','Suzanne','Kovacek','Schaefer','8bd61bf1372026e3056bdd3b77bf5960b8fa6a0e','rollin.bartoletti@example.net','1-030-456-9717','phickle@example.org'),
(55,'1988-09-26 00:00:00.000000','5143911988','Sherwood','Kunde','Monahan','eed4ec5d9fe60ca6162fdc874e0a7e1ffe27bd72','francesco.aufderhar@example.com','(645)029-8756x4','matilda.schamberger@example.com'),
(56,'2020-03-27 00:00:00.000000','8952335578','Rosemary','Halvorson','Maggio','3590a1ded875fd2edd75c9db33738298280864cd','macejkovic.hiram@example.com','+52(9)464986116','khomenick@example.net'),
(57,'1997-08-14 00:00:00.000000','8010480700','Santina','Kiehn','Schneider','7f8c5da75e9b06d38f9e616fe8f74cd6141378c7','okemmer@example.org','882-936-0645x54','udenesik@example.org'),
(58,'1970-11-30 00:00:00.000000','8800061660','Royce','Wilkinson','Waelchi','010ea483c0ff885b15c4c7dc7a73fcac13ff4f89','jacobs.cristobal@example.org','1-839-138-4212x','terry.fahey@example.net'),
(59,'1974-12-02 00:00:00.000000','9518111610','Daniella','Purdy','Larson','1903a5b74a1ec5deee847c6b709e76bb7bf9c0eb','lueilwitz.kristofer@example.org','1-197-879-3076','claire82@example.com'),
(60,'2009-02-24 00:00:00.000000','9588709001','Moriah','McCullough','Bashirian','ade7e4cfedc478147fb31cc48bb6cd0818c5f903','imante@example.com','(189)914-6864','ernser.sharon@example.org'),
(61,'2007-05-29 00:00:00.000000','6563472949','Camden','Bogisich','Stark','56adbcc6c92406316c17c6e7ea1de13a43ee596f','buckridge.riley@example.com','597-842-8191x24','tromp.megane@example.net'),
(62,'1983-01-23 00:00:00.000000','7521245617','Tabitha','Mohr','Okuneva','a123a716702de3cf0a1c3d20c8bc07279ec736ec','jacquelyn62@example.com','(722)250-7443x5','jakob69@example.com'),
(63,'2013-12-23 00:00:00.000000','6219116239','Kenny','Nitzsche','Auer','ed52a2513f02dd84d85704ce7ad4b3db9af6628d','carlie12@example.org','938-138-9406x79','ernie11@example.com'),
(64,'2013-01-12 00:00:00.000000','9821512964','Brigitte','Roob','Hirthe','f99a070f753bfbce8cca7604ee16fb872145edec','fortiz@example.net','+82(1)437920754','uo\'reilly@example.com'),
(65,'1970-09-01 00:00:00.000000','7952660950','Liana','Kirlin','Kulas','f444a062782f098795465c13c669daf4d1f7e3df','purdy.rod@example.org','688-511-8737x21','macejkovic.theo@example.org'),
(66,'1979-04-10 00:00:00.000000','6666952765','Khalil','Dickinson','Cartwright','c35407488b9273814114d140b17ef842c7701edc','vemmerich@example.org','665.417.9105x94','o\'keefe.herta@example.com'),
(67,'1986-11-08 00:00:00.000000','7922884327','Elisha','Bartoletti','Macejkovic','430e6adf0931eeb029af130dbe37ee5402c06831','angelita.greenholt@example.net','610-078-4715','cleve41@example.com'),
(68,'2000-07-13 00:00:00.000000','2144023474','Kevin','Kris','Fadel','156c720a30bcaaaa0cc64f1c8f7076c4cb434bfe','deondre.ziemann@example.net','(741)003-6100','nia57@example.net'),
(69,'1982-07-11 00:00:00.000000','3642960349','Devon','Yost','Barrows','2a01adea7d17fcf2114503c588a89ee5c514e8ce','ctorp@example.com','(290)299-5620','russ91@example.com'),
(70,'1987-10-01 00:00:00.000000','5382800246','Kade','Considine','Herman','6887ad52683678d2a003c4ec77d6b75d24603c3d','brandi.crona@example.org','(045)596-6520','kris.nigel@example.com'),
(71,'2023-03-21 00:00:00.000000','1759604742','Althea','Pfeffer','Bartoletti','ef6922c850b9c4e18a73a6fd4a8ed80c0d2b7913','homenick.nels@example.com','255-665-7437x63','kobe.rogahn@example.org'),
(72,'1990-10-13 00:00:00.000000','6468582228','Aleen','Hamill','Stoltenberg','64fd7c5dd151b2579f4b162f6f44f886375be6a7','rodriguez.garrick@example.net','056-393-6299','schimmel.guadalupe@example.net'),
(73,'2010-01-29 00:00:00.000000','1114012557','Otilia','Krajcik','Little','c68ededa7b147cbec38da387cda0931ef5137e3e','powlowski.yesenia@example.net','116.289.1062x87','norwood27@example.com'),
(74,'2010-08-08 00:00:00.000000','5823635493','Raina','Dickinson','Hessel','6947a0fc3f60086f97a500e3420408384440d67e','jettie.mraz@example.org','1-734-444-1820x','wuckert.shane@example.org'),
(75,'1983-03-16 00:00:00.000000','9612872746','Daphney','Smith','Schoen','b1b37f16631a44b09e33dcab9b148251765f62a2','ahilll@example.org','(289)629-0688x6','sylvester84@example.org'),
(76,'1987-03-24 00:00:00.000000','6153613822','Agustina','Harber','Altenwerth','51dc7cdd5ab8159058bf72b1f138720c930ed546','rosemarie.schmeler@example.org','(846)346-0498x1','reymundo41@example.net'),
(77,'1984-11-01 00:00:00.000000','1135942999','Casper','Balistreri','Nitzsche','5c022435fb0bd67e0cd654eaed83a4de1e24ef73','abby.funk@example.net','08401234229','heidi.cole@example.net'),
(78,'1991-11-15 00:00:00.000000','1826506388','Briana','Wilderman','Wiegand','f46e25bc9fd9dac5177980b6910c7043c39e5d6f','bertrand81@example.net','1-286-209-3069x','cassie66@example.org'),
(79,'1980-08-15 00:00:00.000000','1302499677','Ernest','Oberbrunner','Grant','f7a2e43bf66763c8e8a806c4a7d19ac41cc699dc','ewell79@example.com','00106542781','bjones@example.net'),
(80,'1985-10-06 00:00:00.000000','8960745757','Pamela','Simonis','Tromp','3bc13e5702275479f34793c96e1cc3182373fdd0','jcorkery@example.net','1-423-084-6602x','ikassulke@example.org'),
(81,'1990-12-20 00:00:00.000000','5674101920','Emmanuel','Moen','Will','67a3f4653293e5ee5641906f3be58de8e59562c1','bernhard24@example.org','(716)017-5090','senger.pete@example.org'),
(82,'2006-11-28 00:00:00.000000','8276804908','Darrion','Koss','Dicki','5219c3e0b311d6471e2dba86e821eabeacf6e521','margaretta.olson@example.net','585.804.7288x99','hagenes.terence@example.net'),
(83,'2011-09-16 00:00:00.000000','2147250069','Anya','Brown','Padberg','52860eb2fd979d157d3e8b1736512989c8e141b5','walter79@example.net','696-249-9323','cullen.thompson@example.org'),
(84,'1977-04-14 00:00:00.000000','3193243403','William','Muller','Carter','17556bda3162c25008af5ff7847df04eb3b03596','kaelyn.sanford@example.com','1-683-939-0321x','marilyne.erdman@example.com'),
(85,'1991-08-10 00:00:00.000000','8018601444','Vivian','Jenkins','Dickinson','a992ffc65c8acb1e6962f843c36d3fd8e24878b6','domenic.kuvalis@example.com','086-662-1281','thayes@example.com'),
(86,'2003-03-15 00:00:00.000000','9293855645','Percy','Ledner','Smitham','b225365ba5a6a21e5edcc863fc376c59c31780e4','leatha71@example.org','891.370.2110x70','andrew.huel@example.net'),
(87,'1992-06-14 00:00:00.000000','3101597953','Moriah','Renner','Gusikowski','bdb7aedbdc450e07ed070ba22707fb51be5385cd','tremblay.laurine@example.org','029.344.7290','umueller@example.com'),
(88,'1993-04-04 00:00:00.000000','6964263669','Kian','Kunde','Kautzer','2033558d5338b6e46c1be6526d4705ac9a3224f3','feest.ana@example.net','053-912-2505x41','ygoodwin@example.com'),
(89,'2004-06-10 00:00:00.000000','3848016289','Violet','Hahn','Ward','b416153ae5bd4dff642e1ad410f65160524c79d9','wyman.johan@example.com','05029969018','dfritsch@example.org'),
(90,'1980-10-28 00:00:00.000000','6245340629','Milford','Kulas','Von','2d983cb0c62f394f06b8ceb4e27a5ba995d9bdfb','witting.lowell@example.org','01062162892','camille.bechtelar@example.com'),
(91,'2012-02-06 00:00:00.000000','4590549240','Ibrahim','Stanton','Skiles','ba02d56b15d83a1366a9a52d261e5f9be569051c','sydnie.dare@example.org','1-184-896-4083x','mable.hills@example.com'),
(92,'2019-06-14 00:00:00.000000','8846097082','Jonathon','Abbott','Stark','0d896d7c09b143f747ab50a2b37017ae208dec73','rmacejkovic@example.net','1-654-880-3463','lorenza24@example.org'),
(93,'1986-09-09 00:00:00.000000','1628885542','Sydnie','Schulist','Oberbrunner','2d0c3f9de863b135d933e55d6f2c8242c50cefc5','crooks.ashley@example.org','771.206.7076x80','stracke.valentina@example.com'),
(94,'1992-08-04 00:00:00.000000','9576591913','Fredy','Pfeffer','Zulauf','d99d5b0ae458d9aeb9ab389f169c3ccc67346e3a','adriel52@example.net','1-152-214-5481','robbie.cole@example.com'),
(95,'2001-01-10 00:00:00.000000','2976988339','Stone','Thiel','Renner','8bb364c661337e07cbc5bf6ca076c7056bffc5f5','sigmund22@example.org','1-042-240-3777x','jevon.treutel@example.org'),
(96,'1992-06-13 00:00:00.000000','3343257143','Dean','Witting','Pagac','015bb9c638c8e8c365da8a0fbbfdb13edaff634c','fprice@example.net','+05(4)771713268','marvin.lonie@example.com'),
(97,'1976-02-23 00:00:00.000000','2254184524','Mathilde','Larson','Bergstrom','c7b83cd9922988ff24733539057a7d07174bb041','ocremin@example.com','469.390.7256x61','bcummings@example.net'),
(98,'1988-09-14 00:00:00.000000','5461020430','Chester','Brown','Hyatt','f49e9fc70fe53240f7a36f6b4cf154be866d6027','gchamplin@example.net','+50(4)524873513','koepp.amani@example.net'),
(99,'1975-11-12 00:00:00.000000','8147299619','Keshaun','Zboncak','VonRueden','936bad67267e6aaeb6931fb0ee2f9fb4af5bc5f9','lbailey@example.org','1-205-455-0598x','monserrate.swaniawski@example.com'),
(100,'2005-10-05 00:00:00.000000','7118048491','Margarett','Ondricka','Klein','53f7009b275ad9a65c52b336beadce0eb6e881e5','orrin.leuschke@example.org','1-873-258-9198x','nspencer@example.org');

UNLOCK TABLES;

LOCK TABLES `faculties` WRITE;

INSERT INTO `faculties` VALUES
(1,'Ea inventore mollitia voluptas ut aut. A natus ut quas suscipit. Impedit optio id minus veniam libero. Omnis quam sit architecto odit autem quia.','fuga'),
(2,'Aperiam consequatur occaecati in aut ipsa. Voluptates architecto et ut voluptas.','fuga'),
(3,'Quae non harum atque enim non quasi alias. Aut placeat sint itaque repudiandae dolor dignissimos adipisci. Distinctio asperiores quisquam eaque quisquam magnam eaque. Aliquam in soluta cupiditate eos autem praesentium qui veritatis.','voluptate'),
(4,'Voluptas velit eos eligendi consequatur quia quo animi voluptas. Ratione magnam odit repudiandae et asperiores recusandae et. Excepturi quis quidem et illum dolorum. Ab omnis placeat sit dolores voluptatem autem exercitationem quis.','vitae'),
(5,'Voluptatem recusandae quas sapiente veniam perferendis nesciunt. Perferendis totam quis natus expedita. Ipsa consequatur repellendus fuga molestias inventore. A voluptatem omnis illo qui commodi. Architecto dolores autem omnis natus excepturi.','rerum'),
(6,'Sint non commodi vel illum deserunt. Consectetur magni impedit nostrum suscipit tempore minus. Consequatur eos corporis sunt nobis numquam repellendus. Aut et rem aliquam minus quis qui ex.','est'),
(7,'Voluptatem quis consectetur assumenda qui velit iste et officia. A soluta hic inventore blanditiis pariatur culpa aut. Consequatur praesentium corporis et. Dolorem illum quibusdam similique autem quis qui ut.','voluptatum'),
(8,'Eaque eos voluptatem possimus velit. Reiciendis in veritatis sint in perferendis perspiciatis. Sint sapiente rerum ad quod.','vero'),
(9,'Quas dolore dicta alias. Pariatur voluptates rem est molestiae. Ea dolorem eveniet rem. Perspiciatis quia consectetur dolorem non a debitis neque.','debitis'),
(10,'Dolore dolorem dolorem est aut eos occaecati autem. Ipsam illum molestiae ut rerum aliquam.','iusto'),
(11,'Esse error ratione qui veniam accusantium. Ratione voluptatibus suscipit perspiciatis aspernatur. A et ut tenetur molestiae aut quia consequatur.','repellendus'),
(12,'Quia eum soluta totam numquam est. Impedit cumque quo quia est tempora alias qui. Consectetur quo porro laudantium odio.','consectetur'),
(13,'Quo ab laudantium blanditiis in consequatur vel. Quia et fugiat nemo qui tenetur sit. Qui unde perferendis delectus atque voluptatem qui voluptatum.','inventore'),
(14,'Quasi non non voluptatem esse. Sed quis sit porro libero eaque nihil eius. Ducimus fuga illum consequatur assumenda at enim illum.','laborum'),
(15,'Ut iste architecto et excepturi est et. Voluptas molestiae accusamus eum eius et. Aut esse dolor accusamus laudantium autem explicabo ullam.','suscipit'),
(16,'Totam in reiciendis repellendus necessitatibus expedita assumenda dicta. Qui non delectus perferendis. Quas reiciendis fugit expedita dolorum natus.','doloribus'),
(17,'Ea neque beatae corporis quibusdam recusandae laudantium qui. Est eius praesentium est aliquam aliquid autem corporis. Repellendus nemo accusantium similique unde explicabo autem et.','nisi'),
(18,'Excepturi eaque perspiciatis est fugiat quam perspiciatis. Et quo illo labore et. Aut voluptatem qui occaecati possimus. Quia quidem earum quia magnam quasi beatae dolores.','voluptatem'),
(19,'Velit sed vitae eum sunt nostrum nisi natus. Nisi earum itaque ex et dicta. Et et aperiam ab hic est. Et rerum voluptatem molestiae facere.','corrupti'),
(20,'Numquam cum tempore sed et rem optio. Distinctio est porro molestiae eos. Occaecati dolorem qui ut ullam reprehenderit quia voluptatibus.','ut'),
(21,'Voluptatibus aut suscipit accusantium sit id. Sunt alias et consequatur. Sunt et id delectus possimus est.','quaerat'),
(22,'Dolorum qui distinctio saepe impedit excepturi impedit perferendis. Aut delectus similique dolore dicta rerum illo temporibus. Aliquam at odio harum necessitatibus quia. Necessitatibus incidunt dolorem ad at. Dolorem corporis harum qui ut eius atque.','pariatur'),
(23,'Laudantium quidem autem quis et. Perferendis doloremque soluta consectetur harum est ut dolore. Eveniet ea eos reiciendis enim.','deleniti'),
(24,'Nihil sunt id illum voluptates in rem. Doloribus qui porro omnis itaque. Consectetur incidunt dicta voluptates quia voluptate beatae.','voluptas'),
(25,'Possimus eos voluptatibus et quia. Doloribus error incidunt rerum voluptatem laboriosam. Voluptatem id sed ullam facilis eum.','inventore'),
(26,'Expedita maxime quas repudiandae. Ipsa dolor voluptatum officia aut ex vitae voluptatibus.','repudiandae'),
(27,'Quo maiores cum autem nihil. Laborum tenetur nisi quidem consequatur asperiores consequatur. Ut voluptatem rerum provident omnis repellat nesciunt.','hic'),
(28,'Tenetur exercitationem earum est aut aut aut. Reprehenderit voluptatem sed ut. Laborum dolor eum necessitatibus dignissimos.','ut'),
(29,'Fuga explicabo molestias tenetur vero quis. In nihil autem labore velit. Error rerum ipsum dolorem velit et. Provident et necessitatibus eos voluptates rerum eum.','architecto'),
(30,'Voluptatem quis hic eius vel. Quia eaque adipisci et quis. A quaerat incidunt sint quam deserunt. Harum veritatis quam porro eveniet harum.','aliquid'),
(31,'Pariatur velit aut corrupti accusantium culpa natus. Non facilis tempora aperiam. Qui quasi repellat hic accusantium accusantium.','repudiandae'),
(32,'Eveniet consequatur quia aliquam ut est. Eum non sunt possimus iure non doloribus. Qui suscipit qui nostrum ad iure quibusdam illum. Veniam consequatur eligendi id ut ut.','dolores'),
(33,'Et nam et porro ipsam repellendus. Iure quia a voluptatem. Cupiditate nisi et aliquid aliquam quae.','sunt'),
(34,'Deserunt et in incidunt et reprehenderit totam. Est rerum dicta quae. Et omnis expedita earum eos velit porro itaque quidem.','perferendis'),
(35,'Tempora quia in voluptas praesentium quo itaque. Eum non tenetur repellendus rerum.','iusto'),
(36,'Sed sit id velit et occaecati quo repellendus. Numquam natus magni in veniam minima. Magni earum et accusantium dolore quo voluptatem. Et delectus possimus soluta occaecati illum aliquid.','quisquam'),
(37,'Repellendus ut dolor asperiores. Mollitia sunt cum consequatur non. Quia provident aut atque quasi ut reiciendis modi. Aut accusantium veniam voluptatem nulla quasi.','harum'),
(38,'Tempore est assumenda voluptatem eius. Impedit quos repellat nisi dolore ut est. Nesciunt debitis et vero ipsum quae porro.','voluptatem'),
(39,'Illo quia beatae incidunt rerum magnam voluptatem asperiores. Voluptate dolorem veniam ab. Sit accusantium laudantium eveniet numquam autem repudiandae. Perferendis omnis eos perferendis. Voluptatibus maxime ea molestiae est harum est molestiae.','et'),
(40,'Qui eligendi tempora nisi temporibus. Enim deserunt molestiae voluptatem ex laboriosam autem. Aliquam quam odit ut et sunt.','dolorem'),
(41,'Qui ab laborum deserunt sit dolor inventore. Fuga vel perferendis nesciunt quia quam accusantium. Autem magni dignissimos nulla maiores incidunt autem nemo.','voluptatem'),
(42,'Molestiae dolor dolor sint recusandae. Dolores aperiam provident officiis impedit doloremque fuga vel porro. Aut sint sequi ut itaque alias. Voluptatum sit ut reprehenderit. Maxime voluptas velit dolorem.','itaque'),
(43,'Consequatur facere tempora dolorem quia numquam iure architecto. Aut qui eveniet quod dolores est exercitationem dolore magni. Repellat qui qui cumque dolore accusamus aut non. Laboriosam nihil deleniti maiores maiores sed pariatur. Sequi quos itaque vel.','autem'),
(44,'Alias fugiat libero accusantium itaque. Quae iste neque architecto. Esse animi iure ut praesentium eveniet. Odit quos sed corporis est dolores voluptatum.','consequuntur'),
(45,'Aut nesciunt quidem iure in enim tempore. Illo corrupti neque ipsam voluptate aut. Qui ab tempore odit earum nobis sit. Pariatur ea eligendi in natus voluptatibus minus voluptatem.','in'),
(46,'Eum ut ullam commodi quos animi. Dicta molestias exercitationem eum iste dicta et fugiat et. Sint consectetur ratione id tempore. Quia dignissimos aut quis tenetur sint impedit voluptas sunt.','voluptatem'),
(47,'Praesentium et quod neque consequatur. Autem sequi voluptatibus natus quis fuga quaerat explicabo. Consequatur et consectetur dolorum et ratione dolor nam.','perferendis'),
(48,'Eligendi porro nulla architecto accusantium in magni. Blanditiis officia modi dolorem quia vero. Sunt unde sed nam minus minus minima voluptatem. Accusamus perspiciatis consectetur quibusdam nesciunt inventore qui natus pariatur.','in'),
(49,'Provident mollitia deserunt sed et voluptas. Illo cupiditate dolor libero alias eaque voluptatum. Autem dicta ab ut ab a maiores nobis.','reiciendis'),
(50,'Laborum id cumque voluptate doloremque accusantium quisquam. Esse quam dolore dolores enim sed esse. Et rerum inventore quidem in voluptatem. Quo quos laborum et culpa recusandae harum.','quam'),
(51,'Aliquid et ullam quidem porro repudiandae. Tenetur nisi accusantium et et ea autem soluta. Amet possimus velit qui est expedita asperiores dolores est. Non commodi et nihil explicabo numquam a.','sit'),
(52,'Aut itaque et sint fugiat similique laboriosam praesentium distinctio. Tempore ut aut voluptate doloribus qui quia culpa. Quidem ut amet qui recusandae voluptatem nobis. Nemo molestiae suscipit maxime quibusdam. Eum occaecati ab vitae nihil sequi rerum.','officiis'),
(53,'Impedit voluptatem dolorem quo et reiciendis et quisquam. Et autem accusantium qui hic rerum qui animi. Cum perspiciatis tempora quia esse est dicta. Ipsam voluptas similique dolor alias eligendi doloremque voluptas quisquam.','quos'),
(54,'Quod laudantium voluptatum minima fuga in suscipit laboriosam. Dolorum asperiores et aut voluptatem aperiam accusamus ipsa aut. Ut sit minima ipsam beatae qui perspiciatis ipsum consectetur. Et autem porro enim cupiditate cumque sit in.','qui'),
(55,'Veniam voluptatibus et culpa sint ut eum ratione. Beatae tenetur aspernatur excepturi qui itaque omnis. Eum magni molestias ea ipsum et aspernatur.','eum'),
(56,'Molestiae voluptatibus modi corrupti iste eos rem accusamus modi. Perspiciatis necessitatibus dolor occaecati veritatis aut ullam facere. Dolor fuga dolorem voluptate consequatur neque dolorum qui.','quia'),
(57,'Iure provident sapiente earum natus fugiat dolor. Voluptatum numquam ut qui accusamus nihil. Voluptate omnis illum qui aut consectetur. Qui incidunt earum officia delectus. Ducimus aut excepturi id ut dignissimos dolorum.','dolor'),
(58,'Cum aut aut et omnis. Optio odio perspiciatis dolorem explicabo amet neque et quia. Rem deleniti non magnam earum occaecati. Nisi deserunt explicabo rem qui delectus et.','repellat'),
(59,'Iure tempore nihil commodi velit fugit et. Placeat fugiat vero architecto laboriosam aut consequatur in laboriosam. Excepturi veritatis eos natus ipsam. Eligendi voluptates culpa recusandae adipisci quibusdam vel cum suscipit.','aut'),
(60,'Quia vero officiis similique itaque autem quae est odio. Repellendus culpa officia laudantium ipsam tempora.','non'),
(61,'Sint voluptatem voluptas aut. Dolores modi suscipit est et distinctio delectus. Qui quo deleniti facilis vel non distinctio soluta.','vel'),
(62,'Rerum repellat sapiente repellat ad. Sit est reiciendis mollitia nisi. Incidunt voluptas tenetur ipsa ut consectetur. Ut cum qui nihil ab.','beatae'),
(63,'Vero voluptas nihil nobis nam nulla voluptas et. Qui ut eos ullam molestiae assumenda. Architecto et quis facere modi dolorem vel necessitatibus. Ullam enim et maiores nihil aut delectus.','distinctio'),
(64,'Fugit autem maiores placeat dolor laborum. Incidunt quod eos temporibus saepe dolorem sint placeat. Neque voluptatem id sit quia ut. Occaecati facilis eveniet et nemo.','natus'),
(65,'Minus eum voluptates voluptatem nisi. Aut nesciunt libero dolorum asperiores. Voluptatum dignissimos ipsum quas qui.','cupiditate'),
(66,'Commodi nulla impedit dolorem rerum dolores officia praesentium. Doloremque sint praesentium vel ea. Dolor adipisci repudiandae atque.','sit'),
(67,'Autem maiores molestiae in repellendus officia quis sit. Qui nisi officia accusantium quis laboriosam tempora inventore. Dolorem libero magnam rerum mollitia dolorum laudantium fugiat.','voluptas'),
(68,'Quia ut aspernatur fugit non. Exercitationem temporibus alias nesciunt nihil fugit quisquam ullam. Aut quo omnis id cumque voluptatum quo.','qui'),
(69,'Est officia neque et ea quia culpa. Minima quo optio autem consectetur aut sed. Sed sit soluta itaque voluptatibus est sit.','mollitia'),
(70,'Voluptas qui accusantium porro necessitatibus. In numquam ipsam voluptatem reprehenderit. Cumque consectetur harum qui sint ut amet est.','quisquam'),
(71,'Incidunt ratione tenetur itaque et sunt non. Nisi est facere quo voluptatem. Nesciunt quae aspernatur inventore est enim et. Incidunt eveniet quae minima ut.','officiis'),
(72,'Est nostrum incidunt similique quod. Unde laudantium et eum soluta minima similique atque. Blanditiis magnam vel sed et eum minima harum. Fugit magnam vitae quae.','et'),
(73,'Dicta sequi qui tempora aliquid. Aut quae tempora maiores accusantium omnis odit eveniet. Quis veritatis sit quam dignissimos beatae dolorum.','molestiae'),
(74,'Ullam inventore perspiciatis dignissimos fugiat occaecati. Maiores ea tenetur consequatur et qui sit et. Ullam reiciendis ea suscipit temporibus.','itaque'),
(75,'Possimus eaque consequatur ut velit dolorem sunt. Et repudiandae animi rerum ut nobis odio deleniti explicabo. Tempore voluptas optio accusamus aut ea quia.','fugiat'),
(76,'Occaecati quidem voluptatum laudantium consequatur accusantium animi et. Necessitatibus earum eos accusantium quisquam recusandae. Assumenda consectetur aut fuga laboriosam.','aut'),
(77,'Et quo omnis eius aliquam. Quisquam quidem in est. Iusto minus eius dolorem atque maxime natus cupiditate. Qui beatae quibusdam deleniti facere nihil et quo.','sapiente'),
(78,'Perspiciatis nam eveniet possimus sit et tempore blanditiis non. Quos sed sit praesentium numquam doloribus nobis. Aut voluptate et ex ipsam exercitationem sequi nobis.','aut'),
(79,'Et voluptatem accusantium velit omnis. Numquam dolorem nobis consequatur minus labore voluptas. Laborum deleniti at quas qui.','similique'),
(80,'Aut corrupti repellat et est. Quibusdam quod nam et modi consectetur sint. Qui dolorem repellat perferendis quaerat et.','itaque'),
(81,'Voluptas repellendus assumenda quis excepturi molestiae. Nulla eos molestias aut repellendus enim repellat fugit reprehenderit. Facilis rerum minus voluptates aliquid dolorem cupiditate.','quis'),
(82,'Fugiat commodi laborum repudiandae. Repellendus non maiores dolores itaque cumque. Vitae corrupti laborum in ab magnam a voluptates.','voluptas'),
(83,'Est quas enim eaque labore maiores rerum et. Perferendis eos doloribus sit nemo non ab officia. Labore inventore hic soluta asperiores provident architecto.','consequatur'),
(84,'Tenetur accusamus minus facilis placeat minus dolores. Et blanditiis nemo sint ipsa est. Consequatur est molestiae et eos.','aperiam'),
(85,'Et nihil quos exercitationem magni ab quisquam. Dolorem facilis ad velit asperiores dolorum harum. Et dignissimos dicta iure et occaecati non. Ut cupiditate rerum sunt blanditiis.','et'),
(86,'Eligendi harum qui recusandae ipsam. Molestiae velit totam rerum. Unde in est vel nisi nisi tempora voluptatum.','eius'),
(87,'Est odio alias omnis voluptatem. Debitis voluptatibus ullam architecto sit alias. Sed voluptatem nobis iusto rerum et a dolor occaecati. Ipsum debitis ea laudantium maiores.','eos'),
(88,'Incidunt odio repellat qui voluptatibus vel sequi facilis alias. Sunt aspernatur numquam autem optio. Voluptas itaque id iusto velit quo. Et in voluptas natus ut.','debitis'),
(89,'Reprehenderit illo et eum delectus magnam. Ut qui corrupti necessitatibus sequi nemo culpa facilis aut. Explicabo similique iusto ut neque impedit. Ut quisquam earum ipsa ea eos.','quod'),
(90,'Officia repellendus dicta nemo porro fugiat est fugiat. Optio ad ratione ut velit. Quisquam quidem est ab eaque. Quis cupiditate rem consequatur minus consequuntur explicabo. Dignissimos ad ab et beatae alias culpa id cumque.','et'),
(91,'Tempora nulla ut laudantium. Perferendis repellendus illum et et sunt. Amet sit suscipit unde voluptas numquam. Optio sint voluptas quae sapiente voluptatem reiciendis quis.','adipisci'),
(92,'Sed est quam ad omnis cumque architecto eos facere. Dignissimos vero ab est praesentium fugiat aspernatur commodi praesentium. Delectus dicta ut consequuntur dignissimos quibusdam.','illum'),
(93,'Nostrum recusandae quidem saepe ut officiis voluptatem. Odio enim adipisci rerum amet ut cumque maxime. Suscipit architecto culpa eveniet eum neque sequi ut. Consequatur est veritatis praesentium.','aliquid'),
(94,'Sint tenetur fugiat cupiditate recusandae blanditiis. Excepturi ut ut distinctio id officiis. Architecto quis totam quam est recusandae.','voluptate'),
(95,'Magnam sunt voluptatum omnis ex minima non occaecati. Qui eveniet nihil architecto sint possimus. Quod magnam et quaerat ut recusandae. Deserunt sit ad et minus.','ea'),
(96,'Autem porro dolores labore similique voluptate deserunt quia. Accusantium magni aliquam et mollitia omnis adipisci aut. Quos enim aut consequatur.','temporibus'),
(97,'Quis nobis accusantium rem optio et nulla. Ex eos quia rerum et veritatis ut eius. Doloremque ratione beatae id.','veritatis'),
(98,'Modi molestiae accusantium totam ea itaque atque. Et deserunt quasi consequuntur rerum amet.','dolore'),
(99,'Dolorem ea dolores velit voluptatum dolor ut a necessitatibus. Non voluptatem provident tempore odio. Reprehenderit odit dolores est reiciendis facere libero quisquam.','mollitia'),
(100,'Commodi tempora asperiores vero quidem neque molestiae velit. Eveniet quia quas debitis magnam impedit velit. Ea et excepturi voluptas facere placeat quasi doloremque. Et voluptate temporibus ullam sit cumque quia.','esse');

UNLOCK TABLES;

LOCK TABLES `semesters` WRITE;

INSERT INTO `semesters` VALUES
(1,'1999-07-26 00:00:00.000000',42618,'2016-11-08 00:00:00.000000'),
(2,'1998-02-04 00:00:00.000000',42,'1971-09-18 00:00:00.000000'),
(3,'1976-10-12 00:00:00.000000',758307,'1986-09-22 00:00:00.000000'),
(4,'2009-09-09 00:00:00.000000',3506,'2022-12-30 00:00:00.000000'),
(5,'2024-07-21 00:00:00.000000',1,'1999-08-02 00:00:00.000000'),
(6,'1975-03-15 00:00:00.000000',0,'1990-05-21 00:00:00.000000'),
(7,'2021-05-22 00:00:00.000000',7752,'2019-11-16 00:00:00.000000'),
(8,'2013-12-19 00:00:00.000000',845792076,'1995-06-14 00:00:00.000000'),
(9,'1989-03-09 00:00:00.000000',67,'1994-03-13 00:00:00.000000'),
(10,'2012-01-20 00:00:00.000000',257,'2022-04-14 00:00:00.000000'),
(11,'2024-06-25 00:00:00.000000',8887,'2009-05-07 00:00:00.000000'),
(12,'1975-11-16 00:00:00.000000',0,'2007-02-10 00:00:00.000000'),
(13,'2012-11-20 00:00:00.000000',30616,'2016-10-09 00:00:00.000000'),
(14,'1984-09-29 00:00:00.000000',253535,'1977-09-19 00:00:00.000000'),
(15,'1997-06-17 00:00:00.000000',0,'1987-11-22 00:00:00.000000'),
(16,'2004-03-06 00:00:00.000000',28820052,'2023-06-29 00:00:00.000000'),
(17,'1970-07-23 00:00:00.000000',4808,'2025-01-29 00:00:00.000000'),
(18,'1986-05-03 00:00:00.000000',1813,'2014-06-03 00:00:00.000000'),
(19,'2018-05-27 00:00:00.000000',34,'2016-07-06 00:00:00.000000'),
(20,'2017-03-15 00:00:00.000000',14,'2018-06-28 00:00:00.000000'),
(21,'1984-03-30 00:00:00.000000',4409,'1970-09-22 00:00:00.000000'),
(22,'2006-09-09 00:00:00.000000',0,'2006-03-26 00:00:00.000000'),
(23,'2010-10-16 00:00:00.000000',83,'1987-04-20 00:00:00.000000'),
(24,'1990-05-28 00:00:00.000000',785,'2003-05-07 00:00:00.000000'),
(25,'2018-03-19 00:00:00.000000',60,'2019-12-25 00:00:00.000000'),
(26,'2015-08-08 00:00:00.000000',24,'2006-02-16 00:00:00.000000'),
(27,'1991-07-03 00:00:00.000000',0,'1974-06-17 00:00:00.000000'),
(28,'1998-08-09 00:00:00.000000',7555,'1998-04-14 00:00:00.000000'),
(29,'1982-05-03 00:00:00.000000',536236,'1990-05-04 00:00:00.000000'),
(30,'1976-02-23 00:00:00.000000',2680,'1980-09-08 00:00:00.000000'),
(31,'1984-01-08 00:00:00.000000',0,'2016-05-01 00:00:00.000000'),
(32,'1991-03-05 00:00:00.000000',8444,'2014-12-14 00:00:00.000000'),
(33,'1996-05-06 00:00:00.000000',81290222,'2020-04-27 00:00:00.000000'),
(34,'1989-11-14 00:00:00.000000',2,'2020-07-16 00:00:00.000000'),
(35,'1995-07-11 00:00:00.000000',752718,'2004-08-13 00:00:00.000000'),
(36,'2006-10-05 00:00:00.000000',90841,'1970-08-27 00:00:00.000000'),
(37,'2015-05-21 00:00:00.000000',0,'2004-11-04 00:00:00.000000'),
(38,'2006-11-12 00:00:00.000000',6013,'2017-12-30 00:00:00.000000'),
(39,'1982-10-15 00:00:00.000000',17554088,'1976-08-09 00:00:00.000000'),
(40,'2002-03-10 00:00:00.000000',66474,'1976-02-07 00:00:00.000000'),
(41,'2016-02-16 00:00:00.000000',791363816,'1979-08-18 00:00:00.000000'),
(42,'1990-04-30 00:00:00.000000',47,'2010-08-01 00:00:00.000000'),
(43,'1987-11-25 00:00:00.000000',92827,'1970-12-25 00:00:00.000000'),
(44,'1971-09-18 00:00:00.000000',553166675,'1972-11-09 00:00:00.000000'),
(45,'2004-03-03 00:00:00.000000',56473,'2024-01-09 00:00:00.000000'),
(46,'1998-10-28 00:00:00.000000',488703,'2004-10-07 00:00:00.000000'),
(47,'1993-12-18 00:00:00.000000',4,'1987-03-01 00:00:00.000000'),
(48,'2024-01-18 00:00:00.000000',4311,'1973-04-28 00:00:00.000000'),
(49,'1986-05-05 00:00:00.000000',1126,'2007-03-25 00:00:00.000000'),
(50,'1992-03-17 00:00:00.000000',7,'1986-07-26 00:00:00.000000'),
(51,'2003-02-26 00:00:00.000000',0,'1981-04-09 00:00:00.000000'),
(52,'2003-04-22 00:00:00.000000',268778791,'2022-02-19 00:00:00.000000'),
(53,'2002-12-22 00:00:00.000000',746,'1989-02-26 00:00:00.000000'),
(54,'1985-03-05 00:00:00.000000',96420,'1979-09-01 00:00:00.000000'),
(55,'1971-03-30 00:00:00.000000',19365,'1982-05-08 00:00:00.000000'),
(56,'2016-04-23 00:00:00.000000',58405600,'1987-02-03 00:00:00.000000'),
(57,'2002-09-20 00:00:00.000000',340,'1979-03-24 00:00:00.000000'),
(58,'2004-03-04 00:00:00.000000',2236422,'1984-12-04 00:00:00.000000'),
(59,'1988-03-13 00:00:00.000000',91,'2017-02-07 00:00:00.000000'),
(60,'1970-08-23 00:00:00.000000',2,'1976-09-05 00:00:00.000000'),
(61,'2020-01-26 00:00:00.000000',4035,'2007-09-09 00:00:00.000000'),
(62,'2000-08-08 00:00:00.000000',0,'1978-05-27 00:00:00.000000'),
(63,'2001-10-23 00:00:00.000000',6848798,'2013-12-29 00:00:00.000000'),
(64,'2000-10-20 00:00:00.000000',91975,'2010-01-05 00:00:00.000000'),
(65,'1980-07-12 00:00:00.000000',6867,'2009-07-14 00:00:00.000000'),
(66,'1999-05-12 00:00:00.000000',585243301,'1985-02-17 00:00:00.000000'),
(67,'2000-12-16 00:00:00.000000',8590,'1977-08-25 00:00:00.000000'),
(68,'2002-05-13 00:00:00.000000',43,'2004-03-03 00:00:00.000000'),
(69,'1993-08-10 00:00:00.000000',2,'2021-11-07 00:00:00.000000'),
(70,'1977-06-04 00:00:00.000000',754284604,'1973-09-09 00:00:00.000000'),
(71,'2001-01-06 00:00:00.000000',5970,'1999-07-08 00:00:00.000000'),
(72,'1980-09-02 00:00:00.000000',1,'2014-10-21 00:00:00.000000'),
(73,'2022-12-29 00:00:00.000000',203913626,'1973-04-11 00:00:00.000000'),
(74,'2018-04-21 00:00:00.000000',277404198,'2017-02-23 00:00:00.000000'),
(75,'2022-08-31 00:00:00.000000',30548,'1981-11-20 00:00:00.000000'),
(76,'1998-11-15 00:00:00.000000',0,'1981-03-27 00:00:00.000000'),
(77,'1984-09-30 00:00:00.000000',90,'1981-02-09 00:00:00.000000'),
(78,'2005-11-08 00:00:00.000000',2086,'1992-01-09 00:00:00.000000'),
(79,'1978-10-04 00:00:00.000000',0,'1978-05-24 00:00:00.000000'),
(80,'1984-04-08 00:00:00.000000',607429,'2014-06-02 00:00:00.000000'),
(81,'1975-04-24 00:00:00.000000',9575205,'1993-07-13 00:00:00.000000'),
(82,'2004-02-14 00:00:00.000000',492837,'1988-07-07 00:00:00.000000'),
(83,'1973-12-10 00:00:00.000000',5921360,'1992-03-08 00:00:00.000000'),
(84,'1992-03-02 00:00:00.000000',0,'2008-05-11 00:00:00.000000'),
(85,'1998-03-14 00:00:00.000000',544,'2006-11-17 00:00:00.000000'),
(86,'1977-11-19 00:00:00.000000',55679,'1986-11-03 00:00:00.000000'),
(87,'2005-12-01 00:00:00.000000',3,'1973-07-25 00:00:00.000000'),
(88,'2002-05-02 00:00:00.000000',455939934,'1998-03-20 00:00:00.000000'),
(89,'1987-05-29 00:00:00.000000',0,'2010-11-18 00:00:00.000000'),
(90,'1986-03-25 00:00:00.000000',66564138,'2010-10-14 00:00:00.000000'),
(91,'2006-12-13 00:00:00.000000',946,'2016-12-03 00:00:00.000000'),
(92,'2023-11-27 00:00:00.000000',0,'1992-08-02 00:00:00.000000'),
(93,'2001-06-14 00:00:00.000000',0,'1984-08-09 00:00:00.000000'),
(94,'1974-04-09 00:00:00.000000',8,'2023-12-21 00:00:00.000000'),
(95,'2003-11-14 00:00:00.000000',862503,'1982-12-30 00:00:00.000000'),
(96,'2013-09-24 00:00:00.000000',763,'1988-02-27 00:00:00.000000'),
(97,'1982-02-17 00:00:00.000000',20,'1973-12-19 00:00:00.000000'),
(98,'1994-08-29 00:00:00.000000',629,'1981-10-09 00:00:00.000000'),
(99,'1978-03-22 00:00:00.000000',64714,'1973-04-08 00:00:00.000000'),
(100,'2005-07-02 00:00:00.000000',1912,'2001-06-12 00:00:00.000000');

UNLOCK TABLES;

LOCK TABLES `specialties` WRITE;

INSERT INTO `specialties` (id,description,name,faculty_id,study_stage) VALUES
(1,'Nemo maiores ut a laborum est molestiae. Sed nemo id perspiciatis voluptatum. Dolorem neque et consequatur itaque rerum.','saepe',1,2),
(2,'Aut expedita et a corporis ullam quae voluptatem vel. Delectus eum magni eum ut autem tenetur. Pariatur quisquam maiores optio odio ipsum laudantium quisquam.','dolorem',2,1),
(3,'Voluptas dolorem debitis ut nulla error non totam. Fuga cupiditate eveniet iste itaque et. Sed voluptatum quia ut sunt quasi quibusdam. Quia ipsa dolorum saepe ipsam architecto dolore.','reprehenderit',3,1),
(4,'Consequuntur minima necessitatibus quo eos vel ut velit. Ut reprehenderit voluptatibus iure delectus dolorum. Et aut ducimus accusantium ducimus. Molestiae ut non expedita dolor.','laborum',4,1),
(5,'Magni aut ullam dicta culpa. Dolor quia provident dolorem. Consequuntur saepe repellat officiis.','laboriosam',5,0),
(6,'Aliquam minima hic magni excepturi vero laboriosam quia. Voluptatem dolores ea ut unde. Deleniti temporibus qui id modi cupiditate animi quidem.','dolorem',6,0),
(7,'Inventore non saepe deleniti quibusdam provident explicabo consequatur in. Velit esse voluptatem voluptatem expedita. Autem minima ullam voluptatum vel non voluptatem. Sunt error ut mollitia doloremque facere sed. Labore earum non non sit occaecati et et.','quod',7,1),
(8,'Iure soluta nihil nisi qui vitae sequi. Quos nisi facere aut aut quaerat consequuntur deserunt. Qui sit dolor quo qui occaecati aspernatur nam. Molestiae dolorem earum tempore nemo dolor earum eum.','veniam',8,0),
(9,'Illo aliquam vel exercitationem voluptatem qui autem ut ullam. Voluptate corrupti excepturi qui minus sit ut voluptatem. Quibusdam quibusdam velit aut ut impedit et.','non',9,0),
(10,'Pariatur minus eum impedit ut. Ipsum nisi et beatae accusantium. Amet nihil non qui voluptatibus nemo. Incidunt voluptatibus est iure maiores nisi quo.','eos',10,0),
(11,'Dignissimos et accusamus dignissimos voluptatem dignissimos. Laborum et aut omnis vel. Consequuntur nesciunt sunt sequi et error doloribus velit. Distinctio et vel quia quaerat tenetur qui. Animi earum est iusto itaque est deleniti.','omnis',11,1),
(12,'Nostrum et nemo sunt et eum. Laboriosam cum sint quia illum. Et accusamus quae dolore rerum deleniti. Omnis consequuntur qui dolor quisquam qui saepe.','consequatur',12,1),
(13,'Delectus distinctio rem laudantium id. Suscipit consequatur odit occaecati qui. Consectetur reprehenderit esse velit voluptates. Ut et placeat distinctio animi ratione.','recusandae',13,1),
(14,'Repudiandae esse consequatur suscipit a illum placeat rerum. Reprehenderit natus ut suscipit dolore atque voluptates nesciunt beatae. Incidunt dolores sed velit voluptates minima. Animi aut est aut eligendi accusantium aut. Quibusdam possimus eum eum dolor perferendis.','molestiae',14,2),
(15,'Est quas repellendus omnis distinctio quae ab non. Accusamus vel non voluptatum ad quidem hic. Quis eum sed repellat non architecto vel.','et',15,0),
(16,'Id deleniti qui est numquam nemo nesciunt asperiores. Cumque enim est optio. Aliquid pariatur repellendus et aut rerum ad tempora. Necessitatibus molestias debitis ad est commodi minima.','nemo',16,1),
(17,'Id ut consectetur deserunt et beatae voluptas. Voluptas necessitatibus ipsa velit consequatur molestias explicabo. Et ut aliquid consequatur harum ipsam nobis amet. Distinctio omnis accusamus totam id provident placeat quaerat velit.','omnis',17,0),
(18,'Maiores praesentium eos soluta eveniet. Modi dignissimos quam error. Explicabo quo et ea iusto quis.','quis',18,1),
(19,'Laborum exercitationem magni consequatur voluptatem. Magni recusandae inventore voluptatem voluptatem consequatur ex ex aut. Fugit qui rerum est. Libero sit nihil officia assumenda nobis officia sint eius. Necessitatibus quod deserunt quia assumenda.','aut',19,2),
(20,'Et voluptas eum autem quos quae a minus. Consequuntur nihil quo in asperiores. Quae rerum animi ullam vel.','blanditiis',20,0),
(21,'Quas est est fuga sequi. Quibusdam dolor quas non quas. Qui fuga consequatur dolor itaque. Reprehenderit reprehenderit magnam reprehenderit nam voluptatem reprehenderit voluptatum voluptatum.','quibusdam',21,0),
(22,'Velit velit aliquam saepe commodi adipisci rerum id. Voluptates exercitationem aut voluptates. Incidunt omnis delectus id dignissimos nostrum alias. Itaque aut nisi voluptas dolores asperiores modi.','voluptas',22,0),
(23,'Illo minus voluptatem iste quasi qui. Voluptatem odit ducimus unde enim. Doloribus pariatur saepe et.','amet',23,0),
(24,'Repellendus nihil a itaque error rem. Ullam ipsa eos aut. Quia ut accusantium omnis odit. Odio sed corporis repellat et consectetur aut.','temporibus',24,2),
(25,'Sapiente quo eius error ea et. Sed non quia dolorem voluptatem ut sint est. Et et consectetur eaque. Quidem voluptatem quo sit corrupti.','omnis',25,0),
(26,'Eveniet quod autem ut harum molestias et accusantium consequatur. Et ea nemo id ipsam.','aliquid',26,2),
(27,'Nihil et ratione porro voluptatum beatae necessitatibus. Molestiae ea libero aut nihil. Sint odit enim dolorem ut dolor aut architecto.','vel',27,1),
(28,'Consequuntur corporis est atque ipsa aspernatur. Officia quas molestiae molestias minima quo et. Deleniti consequatur ut reprehenderit natus maxime qui corporis commodi.','quia',28,1),
(29,'Est magnam omnis beatae consectetur ut odio neque. Id sunt ea cupiditate doloremque est. Doloribus est nisi laborum aut officiis. Quis saepe nihil similique animi quas omnis fugiat.','maiores',29,2),
(30,'Mollitia ex facilis ex natus distinctio numquam saepe. Ab ut soluta omnis nostrum. Ducimus quibusdam beatae autem. Qui fugiat consequatur quia.','dignissimos',30,0),
(31,'Voluptate dolore adipisci vel aut iusto aspernatur. Pariatur exercitationem quis qui voluptas quas. Necessitatibus distinctio optio molestiae omnis.','beatae',31,1),
(32,'Ut omnis esse amet sunt. Est laudantium voluptate eveniet nostrum dolor quam neque veritatis. Est laudantium unde qui ducimus delectus voluptas in. Eligendi labore rerum incidunt.','voluptas',32,2),
(33,'Sequi assumenda nostrum minima corrupti nulla facilis sed. Et ullam nostrum vero unde possimus consectetur. Exercitationem aut consequuntur animi qui similique fugiat. Maiores beatae sint asperiores ipsa qui distinctio.','adipisci',33,0),
(34,'Est id repudiandae eveniet illum. Culpa tempora eos adipisci est ut doloremque at adipisci. Nihil quidem rerum voluptatem libero molestias. Voluptatem et culpa dolor ipsa.','optio',34,2),
(35,'Optio recusandae maxime ad distinctio ut est. Nobis aut labore qui laboriosam tempore. Accusantium impedit placeat et harum.','pariatur',35,1),
(36,'Quos dolor officia optio occaecati. Expedita placeat voluptatum aliquam totam. Fuga a et numquam voluptates tempore ipsum ex quas.','magni',36,1),
(37,'Blanditiis id accusamus voluptatibus quo dolor. In ut fuga impedit eveniet dolore. Ipsa quidem nemo unde sint vero.','officia',37,2),
(38,'Facilis aliquam delectus omnis maiores commodi consequatur repellat. Voluptates vitae ducimus molestiae ad ea. Aut cumque tempore veniam vero magnam eligendi. Iste reprehenderit dolor accusamus placeat. Repudiandae laborum dolor sapiente eligendi quia.','ut',38,0),
(39,'Enim inventore necessitatibus eius voluptas qui distinctio quae et. Reprehenderit mollitia sunt reiciendis molestiae blanditiis laborum. Labore eius cum nulla asperiores tempora. Quia est vel libero velit quisquam recusandae nemo aliquam.','praesentium',39,1),
(40,'Commodi non provident laboriosam sequi incidunt magnam ut sunt. Earum et aut reiciendis sint. Nobis dignissimos ab ipsa et dolor quia sit.','iure',40,1),
(41,'Atque labore ut numquam aut nisi. Corporis qui voluptatibus quasi facere itaque sint non. Soluta dolores ipsa aut aut quo hic et. Totam veritatis nobis voluptatum quibusdam quibusdam aut praesentium.','similique',41,2),
(42,'Quis in et atque est id. Tempore sed eum atque maxime occaecati. Qui iste et neque ut soluta.','non',42,1),
(43,'Cupiditate ipsa cumque quidem porro quaerat repudiandae ratione. Qui est repellendus atque fugiat ut in. Nemo iure quasi voluptatem dolorum.','officia',43,0),
(44,'Modi earum tempora ab minima. Molestiae dignissimos cum illum est quia perspiciatis. Vel quasi eius quis quod repellendus recusandae temporibus.','debitis',44,2),
(45,'In eos repellendus eligendi reiciendis ipsa quia est. Occaecati debitis non repellat exercitationem vel neque libero. Modi rerum neque blanditiis maxime cum. Debitis maxime voluptas molestias velit excepturi eius.','molestias',45,1),
(46,'Error repellendus dolorum numquam reiciendis rerum praesentium. Quia non laudantium facilis non. Aliquam debitis sunt facilis est.','eos',46,2),
(47,'Vitae aut pariatur laborum assumenda. Saepe aut delectus qui vitae eum temporibus. Facere dolor earum nesciunt quam quia reprehenderit voluptatem. Voluptatem et dolor atque.','placeat',47,1),
(48,'Sint repellendus aut autem error consequatur qui blanditiis. Sunt voluptas ut atque maiores iure odio. Quis nihil non quod ea aliquam. Qui ex hic et nobis.','corporis',48,0),
(49,'Earum laboriosam vel repellendus. Repellat illo dicta ab consequatur illo repellat asperiores. Nam quo occaecati voluptas ut animi sed. Culpa unde modi non repellendus ipsam et.','quidem',49,1),
(50,'Numquam ea consectetur dicta omnis veritatis deserunt dicta. Sint itaque cupiditate facere dolorem quae. Blanditiis ut et consequatur. Sint ut ut ut praesentium.','ut',50,1),
(51,'Est doloribus fuga accusantium sit voluptatibus aspernatur autem. Et est et ducimus voluptas. Maiores sit officia tenetur asperiores.','quia',51,1),
(52,'Pariatur quas praesentium et sint dolores dicta. Voluptatum et et rem dolor.','placeat',52,2),
(53,'Beatae velit accusamus minus cum. Est qui quis doloribus. Ut occaecati et rerum officiis ut. Asperiores ad et deserunt modi voluptas consequatur nam.','vero',53,2),
(54,'Possimus deleniti voluptas aut omnis eligendi unde. Ducimus odit rerum asperiores quisquam consequuntur doloribus. Nihil non et aut rerum praesentium id quo.','quae',54,2),
(55,'Accusantium reprehenderit sed nam vel et quibusdam. Quaerat voluptatem ut voluptatibus temporibus odit.','qui',55,0),
(56,'Optio voluptatibus aut est est voluptas. Non esse vel voluptas et quia ratione. Veniam laborum incidunt non aut.','aut',56,1),
(57,'Consequatur praesentium fuga possimus. Voluptas nobis velit quo consequatur. Temporibus amet provident consectetur amet.','velit',57,2),
(58,'Ipsum libero vitae sit natus officia magni aliquam. At quam pariatur esse vel ullam qui. Incidunt omnis sint qui ducimus qui sit.','eaque',58,0),
(59,'Ut quia culpa nobis quaerat ipsam dolores. Consectetur ut est rerum aut molestiae et blanditiis. Magni quia dicta sequi sit officia voluptatem voluptatum est. Amet architecto et mollitia ea rem.','nihil',59,2),
(60,'Nam beatae dolores voluptas esse itaque quia. Quam modi iste aut neque. Est dignissimos id sed accusamus non. Delectus quis expedita consequatur ipsum voluptas maxime quae. Non aspernatur et numquam fugiat vitae aut.','corporis',60,0),
(61,'Dolor doloribus voluptas a officia ut aut laborum. Expedita sunt eius eum sapiente error. Sit iure maxime provident libero dolorem minus. Quaerat non doloribus aut natus. Aut non voluptas et modi facere error.','quam',61,2),
(62,'Rerum in ipsam minima. Eos id nostrum et et. Qui quae occaecati accusamus aut magnam asperiores exercitationem.','fugiat',62,1),
(63,'Est alias error rerum quis. Commodi eos et voluptatibus nostrum quisquam vero. Modi dolor omnis expedita tenetur. Culpa et et fugiat cum et.','adipisci',63,2),
(64,'Perferendis voluptates iure repudiandae autem delectus non. Molestiae quam nostrum repellat ipsa eos. Repellendus maxime aut natus impedit et possimus sunt ex. Quo sint debitis ut repudiandae tempora consequatur.','quis',64,0),
(65,'Quisquam exercitationem alias totam est. Qui pariatur porro sunt similique voluptas itaque eos est. Adipisci corrupti consequuntur ut delectus. Consectetur excepturi quo tempora tempore suscipit nam modi.','incidunt',65,0),
(66,'Accusamus est omnis quos non incidunt voluptatem. Sunt dolorem magni cum necessitatibus. Maxime minus ut occaecati. Ab repudiandae eveniet voluptas et molestias est eos et.','sequi',66,1),
(67,'Molestias rerum officia veritatis iusto consequatur. Maiores voluptate et molestias. Non est quaerat vero accusantium quos recusandae aut. Cum possimus animi quis ut sit consequatur in.','doloribus',67,1),
(68,'Sunt quis sapiente qui natus fugiat veritatis at ut. Quaerat voluptates aperiam voluptas pariatur esse inventore harum ut. Dicta enim non qui occaecati deleniti est.','nulla',68,0),
(69,'Quasi accusamus repellendus animi exercitationem at labore. Et suscipit in provident omnis nesciunt molestiae.','molestiae',69,2),
(70,'Laboriosam distinctio aut occaecati quia. Ab quia totam tempore aperiam. Porro nostrum corrupti a asperiores deserunt. Illo fugit aliquam consectetur est illo.','inventore',70,2),
(71,'Inventore sed et porro ea. Quis rem ea sed tempore quia eius non. Voluptates dolorem tempore tenetur recusandae distinctio ipsa deserunt accusantium. Dignissimos quis sed molestias amet quae.','autem',71,0),
(72,'Maiores fugit in veniam deserunt consequatur possimus mollitia. Delectus iste nihil voluptatem id molestiae et ipsam. Molestias ipsam voluptatum nihil dignissimos est repellat reiciendis.','quos',72,2),
(73,'Enim suscipit ut et eos voluptas. Dignissimos fugiat accusamus rerum facilis quisquam. Rerum quo esse quis.','omnis',73,1),
(74,'Debitis vero quod repudiandae quae. Earum cumque similique commodi incidunt quia tempora aut. Esse fugit harum assumenda blanditiis maiores qui.','ut',74,2),
(75,'Cum non aut quasi laborum eum vitae et. Magni natus consectetur nulla incidunt. Soluta nulla omnis velit reiciendis.','iure',75,2),
(76,'Sunt sit magnam et maxime laborum sint. Amet ut sunt inventore expedita veniam voluptas laboriosam maiores.','quisquam',76,2),
(77,'Aliquam vel possimus similique. Similique et cupiditate voluptatem incidunt velit voluptatem eos. Et non consectetur voluptas ut voluptatem explicabo.','illo',77,1),
(78,'Temporibus saepe fugit earum voluptatem. Iure id doloribus asperiores voluptate. Occaecati atque ex omnis qui temporibus dicta.','placeat',78,2),
(79,'Repellat vero maxime explicabo omnis molestias. Eligendi eum ducimus non nam adipisci odit.','saepe',79,2),
(80,'Eos similique maiores eligendi ipsum aut omnis neque. Officia aut voluptas possimus et. Ipsum possimus rerum debitis iste voluptatem nam quas et. Quidem dolor harum inventore illo qui sed.','et',80,0),
(81,'Necessitatibus quos sunt eveniet. Illum ea cupiditate alias et recusandae blanditiis aperiam quos. Ut voluptas est perferendis recusandae corporis. Ratione aut eum eaque animi asperiores optio nulla.','dicta',81,0),
(82,'Tempore fuga quia qui consequatur. Modi nam ad praesentium omnis minus natus. Quis minus aut quo ut qui eligendi similique. Veritatis nobis et dolor.','odio',82,1),
(83,'Tempore porro et qui maiores quae aut quisquam. Eligendi sit nulla consequatur laudantium. Autem et in voluptates porro necessitatibus officiis ipsum.','vel',83,2),
(84,'Eveniet repellat accusamus exercitationem et sit aspernatur. Delectus tempore non fugiat et. Ut cum possimus quasi non ut sed voluptatem. Pariatur reiciendis aut ut.','modi',84,2),
(85,'Explicabo iusto tenetur accusantium iusto officia asperiores architecto. Autem minima vero dolor nulla numquam nam tempora. Non voluptatem esse magni. Accusantium nostrum et quo qui odio.','vitae',85,1),
(86,'Qui consectetur aut quo voluptas recusandae et soluta. Quaerat sunt perspiciatis excepturi qui asperiores molestiae. At vero quo est in doloremque neque.','et',86,1),
(87,'Et qui optio dolore est sunt est vitae. Maxime ut sed dicta ut earum tenetur nisi. In architecto et aut.','natus',87,1),
(88,'Modi aut odit velit voluptates blanditiis. Ut libero veniam fugit nemo non iste. Et voluptatem eveniet libero aut illo a. Officia sed placeat aut commodi. Distinctio amet recusandae distinctio dicta veritatis deserunt rerum.','blanditiis',88,1),
(89,'Sunt optio explicabo exercitationem facilis ex pariatur eius perferendis. Nobis suscipit nesciunt dolor velit quod. Velit eveniet quis veniam deserunt enim recusandae.','minus',89,0),
(90,'Rerum a voluptatem accusantium quae numquam sit. Quo et nostrum nam explicabo aut ipsam quis aliquam. Temporibus temporibus consequatur magni ad quo. Repellat enim quis nisi rerum necessitatibus suscipit non dolorem.','sit',90,2),
(91,'Sed ut necessitatibus dolor rerum ad quis. Natus ipsum repellendus aut fuga libero nisi. Facilis ab voluptas quasi voluptas minima.','quibusdam',91,2),
(92,'Consequatur nihil est dignissimos labore. Expedita voluptates voluptas sint omnis consequatur quam repellendus. Reprehenderit ducimus pariatur esse. Recusandae distinctio distinctio rerum cum.','inventore',92,2),
(93,'Amet nam voluptatum et ullam qui. Non et voluptates vero inventore quo corrupti dolorem. Repudiandae rerum maiores et sed. Corporis libero nostrum sunt voluptas necessitatibus.','facere',93,1),
(94,'Dignissimos at et rerum aut nostrum. Id dolor exercitationem facere mollitia placeat. At et rem magnam facere aut et. Ipsa quos odio modi dicta eius laboriosam repellat. Sed quidem amet quo distinctio dicta aperiam non.','est',94,2),
(95,'Totam non nihil assumenda aut fugiat. Ut inventore sit iste eos veritatis doloribus eum. Aut quis officia ab aliquam quaerat. Officiis odio eligendi sint qui eum hic dolores et.','quia',95,0),
(96,'Quo ut quibusdam at fuga doloribus fugit excepturi sed. Ratione nesciunt laudantium et id. Quis quia eum et adipisci autem delectus.','dicta',96,1),
(97,'Voluptatem at dicta non corporis dolor vitae voluptas. Alias dolorem omnis id aperiam maiores nemo. Neque amet architecto tempore saepe ut libero occaecati quisquam.','non',97,2),
(98,'Consequatur impedit totam sapiente voluptatem mollitia enim. Officia dolores tempora modi et harum. Ex rerum ad quis adipisci aliquid nihil in. Autem voluptas cum totam dolorem pariatur sed iste maxime.','omnis',98,0),
(99,'Sit et vitae qui animi officia harum et. Quidem expedita distinctio eaque ullam est. Perspiciatis dolor voluptatem expedita odio. Sequi enim magnam hic ut provident nostrum.','voluptas',99,2),
(100,'Sed rerum et repudiandae ipsa laboriosam tenetur facere. Hic aliquid quam perferendis et et corporis. Repellendus delectus quia quis doloribus.','qui',100,1);

UNLOCK TABLES;

LOCK TABLES `rooms` WRITE;

INSERT INTO `rooms` VALUES
(101,10,0,2,20,1),
(102,14,0,1,1,0),
(103,10,0,5,20,0),
(104,11,0,2,29,0),
(105,10,0,3,2,0),
(106,2,0,5,13,1),
(107,7,0,5,14,0),
(108,11,0,4,25,1),
(109,10,0,2,21,1),
(110,11,0,5,27,0),
(111,12,0,5,6,0),
(112,5,0,4,7,1),
(113,14,0,3,18,0),
(114,1,0,2,1,1),
(115,9,0,1,12,0),
(116,2,0,5,17,1),
(117,3,0,5,12,1),
(118,4,0,1,9,0),
(119,12,0,4,29,1),
(120,9,0,1,30,0),
(121,8,0,2,28,0),
(122,14,0,2,23,0),
(123,15,0,1,1,1),
(124,5,0,4,5,0),
(125,13,0,2,8,0),
(126,11,0,5,17,1),
(127,15,0,5,29,0),
(128,5,0,2,8,0),
(129,1,0,3,15,0),
(130,10,0,5,10,1),
(131,4,0,5,3,1),
(132,5,0,2,29,0),
(133,2,0,4,13,1),
(134,3,0,5,29,1),
(135,1,0,4,18,1),
(136,2,0,1,19,1),
(137,4,0,5,17,0),
(138,6,0,2,20,0),
(139,14,0,5,15,1),
(140,6,0,1,15,0),
(141,10,0,3,9,0),
(142,9,0,3,12,0),
(143,15,0,2,30,1),
(144,10,0,1,16,0),
(145,2,0,5,12,0),
(146,8,0,1,10,0),
(147,4,0,3,26,0),
(148,6,0,5,1,1),
(149,8,0,2,6,0),
(150,3,0,2,30,0),
(151,6,0,1,30,0),
(152,2,0,2,3,1),
(153,6,0,2,10,1),
(154,3,0,5,21,1),
(155,5,0,4,11,0),
(156,14,0,2,11,1),
(157,2,0,5,21,1),
(158,15,0,1,24,0),
(159,6,0,1,11,0),
(160,12,0,3,9,0),
(161,9,0,4,19,1),
(162,4,0,5,3,0),
(163,4,0,3,14,0),
(164,10,0,1,19,0),
(165,8,0,3,15,0),
(166,3,0,5,20,0),
(167,12,0,2,21,0),
(168,12,0,4,2,0),
(169,2,0,5,6,0),
(170,9,0,5,15,0),
(171,4,0,2,12,0),
(172,15,0,4,7,1),
(173,11,0,1,2,0),
(174,13,0,5,20,0),
(175,10,0,3,23,1),
(176,12,0,1,24,1),
(177,4,0,5,5,1),
(178,8,0,1,9,0),
(179,1,0,3,8,0),
(180,7,0,1,24,1),
(181,13,0,4,13,1),
(182,3,0,3,13,1),
(184,7,0,3,25,1),
(185,4,0,1,29,0),
(186,1,0,4,6,1),
(187,14,0,1,11,1),
(188,12,0,4,3,0),
(189,11,0,3,11,0),
(190,1,0,4,20,0),
(191,5,0,4,27,0),
(192,2,0,3,4,0),
(193,8,0,4,18,0),
(194,14,0,3,19,1),
(195,13,0,3,11,0),
(196,2,0,2,24,0),
(197,5,0,3,8,0),
(198,15,0,1,26,1),
(199,15,0,3,8,1),
(200,13,0,5,10,1);

UNLOCK TABLES;

LOCK TABLES `students_groups` WRITE;

INSERT INTO `students_groups` (id,name,specialty_id,foreman_id) VALUES
(1,'labor',1,null),
(2,'cum',2,null),
(3,'aut',3,null),
(4,'verit',4,null),
(5,'qui',5,null),
(6,'perfe',6,null),
(7,'nihil',7,null),
(8,'quasi',8,null),
(9,'id',9,null),
(10,'quis',10,null),
(11,'illum',11,null),
(12,'cupid',12,null),
(13,'iure',13,null),
(14,'ratio',14,null),
(15,'archi',15,null),
(16,'aut',16,null),
(17,'nisi',17,null),
(18,'volup',18,null),
(19,'quaer',19,null),
(20,'modi',20,null),
(21,'facil',21,null),
(22,'itaqu',22,null),
(23,'corpo',23,null),
(24,'ab',24,null),
(25,'quo',25,null),
(26,'quia',26,null),
(27,'error',27,null),
(28,'labor',28,null),
(29,'vero',29,null),
(30,'corpo',30,null),
(31,'volup',31,null),
(32,'reici',32,null),
(33,'nam',33,null),
(34,'eos',34,null),
(35,'aut',35,null),
(36,'aut',36,null),
(37,'culpa',37,null),
(38,'accus',38,null),
(39,'vel',39,null),
(40,'qui',40,null),
(41,'est',41,null),
(42,'et',42,null),
(43,'enim',43,null),
(44,'a',44,null),
(45,'esse',45,null),
(46,'est',46,null),
(47,'et',47,null),
(48,'ratio',48,null),
(49,'verit',49,null),
(50,'ratio',50,null),
(51,'dolor',51,null),
(52,'qui',52,null),
(53,'dolor',53,null),
(54,'dolor',54,null),
(55,'sed',55,null),
(56,'quisq',56,null),
(57,'eos',57,null),
(58,'non',58,null),
(59,'id',59,null),
(60,'ipsa',60,null),
(61,'qui',61,null),
(62,'conse',62,null),
(63,'tempo',63,null),
(64,'perfe',64,null),
(65,'dolor',65,null),
(66,'labor',66,null),
(67,'debit',67,null),
(68,'volup',68,null),
(69,'dolor',69,null),
(70,'archi',70,null),
(71,'nobis',71,null),
(72,'et',72,null),
(73,'quo',73,null),
(74,'adipi',74,null),
(75,'quia',75,null),
(76,'maior',76,null),
(77,'provi',77,null),
(78,'exped',78,null),
(79,'volup',79,null),
(80,'asper',80,null),
(81,'volup',81,null),
(82,'neces',82,null),
(83,'bland',83,null),
(84,'imped',84,null),
(85,'sit',85,null),
(86,'exerc',86,null),
(87,'dicta',87,null),
(88,'fugit',88,null),
(89,'quibu',89,null),
(90,'tempo',90,null),
(91,'sed',91,null),
(92,'tempo',92,null),
(93,'volup',93,null),
(94,'dolor',94,null),
(95,'omnis',95,null),
(96,'qui',96,null),
(97,'neque',97,null),
(98,'nihil',98,null),
(99,'offic',99,null),
(100,'enim',100,null);

UNLOCK TABLES;

LOCK TABLES `students` WRITE;

insert into students (id, birth_date, eng, first_name, last_name, middle_name, learning_type, password, personal_email, phone_number, reception_type, student_number, work_email, group_id) values (1, '2007-06-12', 9160406133, 'Daffi', 'Davidman', 'Arnaut', 3, '$2a$04$vAHmuxRgLYWuva/MMfLkx.qsqoWTg54HduzrMngapzmR1zAoGrPUe', 'darnaut0@pen.io', '570-960-1745', 1, 123333380, 'darnaut0@tripadvisor.com', 81);
insert into students (id, birth_date, eng, first_name, last_name, middle_name, learning_type, password, personal_email, phone_number, reception_type, student_number, work_email, group_id) values (2, '2017-10-31', 9081293529, 'Cissy', 'Charle', 'Geaveny', 1, '$2a$04$dT26e2TO.l4S9VZKl2t2T.FJJkGA82zY.4Tik0a8PLsSnh0f7o.vi', 'cgeaveny1@blogs.com', '948-557-0638', 0, 399739840, 'cgeaveny1@elpais.com', 37);
insert into students (id, birth_date, eng, first_name, last_name, middle_name, learning_type, password, personal_email, phone_number, reception_type, student_number, work_email, group_id) values (3, '1988-05-05', 9820048649, 'Ellwood', 'Priditt', 'Culshaw', 0, '$2a$04$qVyAzrRi8Ozzzf5cE1sHF.UJ4WRjFjy4JPtae4s2HqNnyxIlFiNCe', 'eculshaw2@so-net.ne.jp', '748-130-0369', 1, 649267470, 'eculshaw2@blog.com', 15);
insert into students (id, birth_date, eng, first_name, last_name, middle_name, learning_type, password, personal_email, phone_number, reception_type, student_number, work_email, group_id) values (4, '2002-02-08', 1386928361, 'Gusty', 'Favey', 'Veel', 1, '$2a$04$ktWh8.ArZdrNghKXsICbi..BFuVp8UXuQkt9e7aZ8cFBm4DJS0fom', 'gveel3@discovery.com', '191-901-0559', 1, 548564400, 'gveel3@networkadvertising.org', 78);
insert into students (id, birth_date, eng, first_name, last_name, middle_name, learning_type, password, personal_email, phone_number, reception_type, student_number, work_email, group_id) values (5, '2015-04-02', 1870405609, 'Viviyan', 'Hucker', 'Stillman', 1, '$2a$04$HIfWbhzHvKfJZAe1khRdhu/I0S38Mwb4QRy56gmA1WMeZw21GWvHS', 'vstillman4@columbia.edu', '276-347-4711', 1, 822859492, 'vstillman4@apache.org', 46);
insert into students (id, birth_date, eng, first_name, last_name, middle_name, learning_type, password, personal_email, phone_number, reception_type, student_number, work_email, group_id) values (6, '1995-03-30', 7912584167, 'Candide', 'Teggin', 'Brinkley', 3, '$2a$04$w7ZhNHMiMyP4xA54mLjQV.Qe8NYG8Qy5HnrxPktn9MVjhTxyeF03O', 'cbrinkley5@alexa.com', '808-516-4943', 0, 432396762, 'cbrinkley5@xing.com', 86);
insert into students (id, birth_date, eng, first_name, last_name, middle_name, learning_type, password, personal_email, phone_number, reception_type, student_number, work_email, group_id) values (7, '2007-10-05', 5955707747, 'Ulises', 'Gunby', 'Carolan', 3, '$2a$04$fBbblwN.wCJYLT6Xhs17Ne9/XhYk05dl7/T8w0TnY5JIwz1B1X5gC', 'ucarolan6@washington.edu', '318-702-4286', 0, 812286765, 'ucarolan6@wikia.com', 7);
insert into students (id, birth_date, eng, first_name, last_name, middle_name, learning_type, password, personal_email, phone_number, reception_type, student_number, work_email, group_id) values (8, '2002-09-30', 5284397767, 'Sophey', 'Kosel', 'Walrond', 2, '$2a$04$XL2vX5AzY1mAg02FDbt7JuuWjyPHv1hpzFwdFBNIBuy12AFczfQMe', 'swalrond7@stumbleupon.com', '700-326-8901', 1, 403176426, 'swalrond7@blogs.com', 93);
insert into students (id, birth_date, eng, first_name, last_name, middle_name, learning_type, password, personal_email, phone_number, reception_type, student_number, work_email, group_id) values (9, '2000-10-24', 6131822006, 'Sophronia', 'Roby', 'Chell', 3, '$2a$04$LZ7I8gJ.63yxiETc9GxaQ.0j9L1K.YzvALe.yICG3qxWBhvARVaPy', 'schell8@stanford.edu', '655-305-9094', 0, 961705095, 'schell8@google.nl', 51);
insert into students (id, birth_date, eng, first_name, last_name, middle_name, learning_type, password, personal_email, phone_number, reception_type, student_number, work_email, group_id) values (10, '2002-06-14', 7898232523, 'Sunny', 'Palffy', 'Thireau', 1, '$2a$04$3rH1V6/6qPwgQptPvGb0GuxJ2/7LyBReEzjJ/JonGPfBA.e8CCurq', 'sthireau9@zdnet.com', '476-954-8935', 1, 186539368, 'sthireau9@jigsy.com', 88);
insert into students (id, birth_date, eng, first_name, last_name, middle_name, learning_type, password, personal_email, phone_number, reception_type, student_number, work_email, group_id) values (11, '2011-06-21', 2204704855, 'Jared', 'Klempke', 'Chenery', 3, '$2a$04$AEb9BnYeCoZz4Ke5mXKhQexxBoJPtmzxOCkPyw39gGOLYSttfBDKe', 'jchenerya@yandex.ru', '967-240-9679', 1, 181073012, 'jchenerya@wordpress.org', 80);
insert into students (id, birth_date, eng, first_name, last_name, middle_name, learning_type, password, personal_email, phone_number, reception_type, student_number, work_email, group_id) values (12, '2001-02-06', 7771557764, 'Nerte', 'Gallegos', 'Iannello', 0, '$2a$04$/SsdPFOHETUhhkwHFvv5A.v8jXXsLtoDlisD7GdIPmxRlM85vQjuG', 'niannellob@e-recht24.de', '834-856-8722', 0, 228349281, 'niannellob@netscape.com', 84);
insert into students (id, birth_date, eng, first_name, last_name, middle_name, learning_type, password, personal_email, phone_number, reception_type, student_number, work_email, group_id) values (13, '1987-03-03', 3612984974, 'Alidia', 'Scutts', 'Paulucci', 3, '$2a$04$qbtg0uKELO1agemk1Ph9iu6dwcZzAkNgGMdaog51bV/U5dvQ7UCqy', 'apauluccic@php.net', '118-421-2719', 0, 625276307, 'apauluccic@indiegogo.com', 82);
insert into students (id, birth_date, eng, first_name, last_name, middle_name, learning_type, password, personal_email, phone_number, reception_type, student_number, work_email, group_id) values (14, '2009-05-18', 8815384567, 'Craggie', 'Beswick', 'Brickett', 2, '$2a$04$ZjqjHEQ7wmM.LMjQQYm.gu5UB4bxZG2/lFFR/cs/iX8SrsmQqgg4O', 'cbrickettd@163.com', '637-221-2524', 0, 482018807, 'cbrickettd@livejournal.com', 66);
insert into students (id, birth_date, eng, first_name, last_name, middle_name, learning_type, password, personal_email, phone_number, reception_type, student_number, work_email, group_id) values (15, '2017-09-06', 9531612809, 'Granthem', 'Schaffler', 'Giacaponi', 3, '$2a$04$iNKUBuNxLgBtoxvlA6zNtuZc13Ih1gww7HpSOa0bS41uxEAn1FEX6', 'ggiacaponie@blogspot.com', '258-302-4189', 1, 146513687, 'ggiacaponie@weibo.com', 26);
insert into students (id, birth_date, eng, first_name, last_name, middle_name, learning_type, password, personal_email, phone_number, reception_type, student_number, work_email, group_id) values (16, '1997-06-23', 3332648732, 'Mord', 'O''Spellissey', 'Sultana', 2, '$2a$04$5k5Oh7UbjSb4D25DydmQ8.pga4j9TkMEfsSsXRBVSc/44PyBlvhk6', 'msultanaf@senate.gov', '915-863-4184', 1, 856441973, 'msultanaf@google.it', 36);
insert into students (id, birth_date, eng, first_name, last_name, middle_name, learning_type, password, personal_email, phone_number, reception_type, student_number, work_email, group_id) values (17, '2019-02-04', 3679390647, 'Clareta', 'Standley', 'Killingsworth', 1, '$2a$04$i6nzdq56hnz102gfIyS..OHLFPGnokvnDo0tmXT5xG/6xSsSmcePi', 'ckillingsworthg@pbs.org', '420-694-6330', 1, 216407559, 'ckillingsworthg@opera.com', 53);
insert into students (id, birth_date, eng, first_name, last_name, middle_name, learning_type, password, personal_email, phone_number, reception_type, student_number, work_email, group_id) values (18, '2016-07-19', 1690747376, 'Lezlie', 'Maple', 'Espinho', 2, '$2a$04$25c5nAFUUaMb7QZLEpFb9eRShlYwVCBAagungQhN1ek0/XTt/sFJe', 'lespinhoh@arizona.edu', '144-999-2152', 0, 952416767, 'lespinhoh@usa.gov', 53);
insert into students (id, birth_date, eng, first_name, last_name, middle_name, learning_type, password, personal_email, phone_number, reception_type, student_number, work_email, group_id) values (19, '2015-04-15', 3227268672, 'Ellie', 'Baggaley', 'Hazle', 1, '$2a$04$ReXT046l2Z2wo4WWSQ.Qb.DEh.g5y3mrjUGf7uI7ScVY1fk2n7dmm', 'ehazlei@umn.edu', '703-184-9561', 0, 364953135, 'ehazlei@ebay.com', 36);
insert into students (id, birth_date, eng, first_name, last_name, middle_name, learning_type, password, personal_email, phone_number, reception_type, student_number, work_email, group_id) values (20, '2017-05-16', 5075423347, 'Ignazio', 'Gauntley', 'McKinnon', 3, '$2a$04$JqHlfAdZ8pqrAFdBdjCUYOfWlKCXCEoAotZBMpRhkvrhw/wqLh2Rq', 'imckinnonj@nifty.com', '509-595-8658', 1, 449928775, 'imckinnonj@google.cn', 77);
insert into students (id, birth_date, eng, first_name, last_name, middle_name, learning_type, password, personal_email, phone_number, reception_type, student_number, work_email, group_id) values (21, '1995-02-03', 4279400503, 'Celene', 'Guerrin', 'Bulch', 3, '$2a$04$jRgtcm9I9hu6U95SNvnWv.eoaHjjFEhVFvC1QGG/Twh88mdg7taey', 'cbulchk@ebay.co.uk', '723-867-8052', 1, 476220803, 'cbulchk@google.es', 98);
insert into students (id, birth_date, eng, first_name, last_name, middle_name, learning_type, password, personal_email, phone_number, reception_type, student_number, work_email, group_id) values (22, '1985-02-12', 3240380781, 'Anallise', 'Leupoldt', 'Woollard', 3, '$2a$04$ypXEOoulnHUO8dQoqKp.5enoKtrRZGMshydzxv0eu7vz7qe5Z2RX.', 'awoollardl@google.cn', '715-683-0751', 1, 135208674, 'awoollardl@miitbeian.gov.cn', 40);
insert into students (id, birth_date, eng, first_name, last_name, middle_name, learning_type, password, personal_email, phone_number, reception_type, student_number, work_email, group_id) values (23, '2015-04-03', 6958526279, 'Neil', 'MacMickan', 'Mebius', 1, '$2a$04$FuHQll73w9FRv4L5F.K3feB1H0XpzEwYMBJXRaCiYJqI2QSEdYRby', 'nmebiusm@fda.gov', '643-559-7325', 0, 773328455, 'nmebiusm@ft.com', 19);
insert into students (id, birth_date, eng, first_name, last_name, middle_name, learning_type, password, personal_email, phone_number, reception_type, student_number, work_email, group_id) values (24, '1991-08-14', 5450149939, 'Lory', 'Boddis', 'Ellis', 3, '$2a$04$Tuvyi.e9E9nan5AbcSbY0elXR9LSyU/SumoWqAC2uPYRHmE/7E3ay', 'lellisn@telegraph.co.uk', '247-468-5483', 1, 103313569, 'lellisn@yahoo.com', 66);
insert into students (id, birth_date, eng, first_name, last_name, middle_name, learning_type, password, personal_email, phone_number, reception_type, student_number, work_email, group_id) values (25, '2015-10-15', 9814939204, 'Bertie', 'Huddart', 'Winchurch', 2, '$2a$04$27z7Jt4skIEkdlgToyf78OxeYi4UQSc.R76rbEIJQ8Bu45R4U1iSO', 'bwinchurcho@ning.com', '236-959-8208', 1, 988634705, 'bwinchurcho@ow.ly', 5);
insert into students (id, birth_date, eng, first_name, last_name, middle_name, learning_type, password, personal_email, phone_number, reception_type, student_number, work_email, group_id) values (26, '1992-02-16', 6693907044, 'Jobi', 'Gavagan', 'Moffatt', 3, '$2a$04$1QVdePumvlFTm32m1ndpweZTFhvJJ/.YjTkIfNWecL6h6io8wILLW', 'jmoffattp@buzzfeed.com', '721-856-9338', 0, 647499834, 'jmoffattp@example.com', 36);
insert into students (id, birth_date, eng, first_name, last_name, middle_name, learning_type, password, personal_email, phone_number, reception_type, student_number, work_email, group_id) values (27, '2009-01-19', 7089275217, 'Laughton', 'Klimczak', 'Dalinder', 1, '$2a$04$gzmKIvkGFEHJmDzy0ShpxO0ShwVkGwtU5yhPV3iVTmJPlU2Ry.fmi', 'ldalinderq@unc.edu', '528-907-3575', 0, 904161756, 'ldalinderq@independent.co.uk', 11);
insert into students (id, birth_date, eng, first_name, last_name, middle_name, learning_type, password, personal_email, phone_number, reception_type, student_number, work_email, group_id) values (28, '1999-03-20', 8938166102, 'Galina', 'Baldassi', 'Borman', 2, '$2a$04$gpRAIHO2ddjnlayPMpZige2guy3haTdMWqsDn8gwzdbq8xeqM28p.', 'gbormanr@yahoo.co.jp', '450-612-9789', 1, 210225310, 'gbormanr@telegraph.co.uk', 55);
insert into students (id, birth_date, eng, first_name, last_name, middle_name, learning_type, password, personal_email, phone_number, reception_type, student_number, work_email, group_id) values (29, '2007-11-19', 4766732940, 'Nicki', 'Kaman', 'Segrave', 0, '$2a$04$UfrBvzLEyhSFbx6SIQbvOuRba/5TtXnSISVc.uNPsm6bdgEl5gKkO', 'nsegraves@buzzfeed.com', '270-259-1266', 1, 463800192, 'nsegraves@ycombinator.com', 26);
insert into students (id, birth_date, eng, first_name, last_name, middle_name, learning_type, password, personal_email, phone_number, reception_type, student_number, work_email, group_id) values (30, '2011-04-13', 9054830749, 'Auberta', 'Biskup', 'Ashling', 0, '$2a$04$nXQRfwKVPhqXnD7dYLnfyu8Vc4uyu8M7x7yTmk0h3K2IXpIPf5L1.', 'aashlingt@unesco.org', '502-864-5070', 1, 898063488, 'aashlingt@scientificamerican.com', 32);
insert into students (id, birth_date, eng, first_name, last_name, middle_name, learning_type, password, personal_email, phone_number, reception_type, student_number, work_email, group_id) values (31, '2002-11-20', 5850007163, 'Petronia', 'Pear', 'Podd', 3, '$2a$04$6CjIyo1b9HrVx8UmEJzD4.gzYqVNyPWqwRHpjpCixF2keOlJOg.IW', 'ppoddu@free.fr', '448-544-8629', 1, 359573329, 'ppoddu@t-online.de', 30);
insert into students (id, birth_date, eng, first_name, last_name, middle_name, learning_type, password, personal_email, phone_number, reception_type, student_number, work_email, group_id) values (32, '2012-04-18', 4240331766, 'Selinda', 'Fenning', 'Dellenbroker', 1, '$2a$04$vpziFZno9WIjmT1c7fmK9.Pq4Pgz6iNzO5BMz5LRt7RI2freZK8-e', 'sdellenbrokerv@sun.com', '243-398-0170', 0, 341843120, 'sdellenbrokerv@redcross.org', 63);
insert into students (id, birth_date, eng, first_name, last_name, middle_name, learning_type, password, personal_email, phone_number, reception_type, student_number, work_email, group_id) values (33, '1985-04-27', 3878141133, 'Shelagh', 'Lottrington', 'Smithin', 1, '$2a$04$3WwS8toOyTUk/Zk04.pxieT7nU0DQzr6nfO3vbkazsWkANYyOcpIa', 'ssmithinw@webeden.co.uk', '707-760-0955', 1, 640091442, 'ssmithinw@illinois.edu', 59);
insert into students (id, birth_date, eng, first_name, last_name, middle_name, learning_type, password, personal_email, phone_number, reception_type, student_number, work_email, group_id) values (34, '2005-12-22', 6024198493, 'Jess', 'Andrzej', 'McKendry', 0, '$2a$04$PwPzzX0qX054wKEe7nNsZ.pV/dsRiTP.SM43GxKLLnwkZJ/l2Qdf6', 'jmckendryx@ovh.net', '315-774-5896', 0, 444298631, 'jmckendryx@apple.com', 63);
insert into students (id, birth_date, eng, first_name, last_name, middle_name, learning_type, password, personal_email, phone_number, reception_type, student_number, work_email, group_id) values (35, '2017-04-05', 8116076992, 'Danette', 'Madle', 'Esberger', 1, '$2a$04$8jCay2h.fM7R.m.COmh7Web1w63r0pM08bAAyBy0EFb.YvpvjiyOG', 'desbergery@etsy.com', '124-893-9628', 0, 669729091, 'desbergery@census.gov', 16);
insert into students (id, birth_date, eng, first_name, last_name, middle_name, learning_type, password, personal_email, phone_number, reception_type, student_number, work_email, group_id) values (36, '1989-11-02', 3149006726, 'Ignatius', 'Kelle', 'Shurey', 0, '$2a$04$H6b2QoByA.FA/j3.01mf.uqOiLD21gbPtkDUav5u.cQ7tVZ0RGyTG', 'ishureyz@salon.com', '480-666-6662', 0, 691438486, 'ishureyz@themeforest.net', 33);
insert into students (id, birth_date, eng, first_name, last_name, middle_name, learning_type, password, personal_email, phone_number, reception_type, student_number, work_email, group_id) values (37, '1995-09-14', 9678747745, 'Frasquito', 'Urry', 'Burrage', 2, '$2a$04$TydZLxymlFlFkIcsIemUZOSpFZw5.jRHIGsTMULJ/KqpARdvRP8UO', 'fburrage10@msn.com', '718-118-5994', 1, 849691310, 'fburrage10@wikia.com', 74);
insert into students (id, birth_date, eng, first_name, last_name, middle_name, learning_type, password, personal_email, phone_number, reception_type, student_number, work_email, group_id) values (38, '1985-10-02', 6650898680, 'Lynette', 'Babbs', 'Stockdale', 3, '$2a$04$bA8vGpwMzcapHp08IFcv0OmpGl/zWZzX/tdWbWcEHCmkJ4M4drOTO', 'lstockdale11@artisteer.com', '484-132-4764', 0, 934976770, 'lstockdale11@purevolume.com', 19);
insert into students (id, birth_date, eng, first_name, last_name, middle_name, learning_type, password, personal_email, phone_number, reception_type, student_number, work_email, group_id) values (39, '1997-11-20', 9724922862, 'Robin', 'Trask', 'Job', 3, '$2a$04$kb9cIDypesalNspUSW.nZ.2wdgM1ZjxZ6N6pWmO32.rjFSvB4Ux2.', 'rjob12@newsvine.com', '612-356-5056', 0, 324511685, 'rjob12@free.fr', 83);
insert into students (id, birth_date, eng, first_name, last_name, middle_name, learning_type, password, personal_email, phone_number, reception_type, student_number, work_email, group_id) values (40, '2001-04-16', 1818898736, 'Mitzi', 'Tackley', 'Trahair', 0, '$2a$04$br4emC6k3.xCJ.CfOVLE6.54BsdR4JVxV4cqZFN16BlwUDafdmqO6', 'mtrahair13@opensource.org', '351-491-4972', 0, 175565672, 'mtrahair13@imageshack.us', 72);
insert into students (id, birth_date, eng, first_name, last_name, middle_name, learning_type, password, personal_email, phone_number, reception_type, student_number, work_email, group_id) values (41, '2015-01-14', 6165034960, 'Khalil', 'Salliss', 'Bailie', 1, '$2a$04$L8vOo9rZZokJqsuN5crQhOfPKud8cagKe7AgPm.L/M/EdQB0j9PNG', 'kbailie14@prlog.org', '803-102-5559', 1, 974759070, 'kbailie14@naver.com', 2);
insert into students (id, birth_date, eng, first_name, last_name, middle_name, learning_type, password, personal_email, phone_number, reception_type, student_number, work_email, group_id) values (42, '2007-02-21', 7026228560, 'Josephina', 'Worsnup', 'McAlindon', 3, '$2a$04$D29fX/LJr97EIAmLuac3L.Wzrw/OxUC6OrL6IX2b2G4iAs6GyIIa.', 'jmcalindon15@google.com.br', '374-724-5270', 1, 320215633, 'jmcalindon15@zimbio.com', 91);
insert into students (id, birth_date, eng, first_name, last_name, middle_name, learning_type, password, personal_email, phone_number, reception_type, student_number, work_email, group_id) values (43, '2018-06-26', 8440395167, 'Pippy', 'Cheson', 'Grayer', 3, '$2a$04$hBGsPtQlHf2kaN2R30tEvOtlCDBwus0fTWIecTkg0VYzCK8xOnFSW', 'pgrayer16@blogs.com', '147-387-6942', 1, 594272749, 'pgrayer16@bandcamp.com', 80);
insert into students (id, birth_date, eng, first_name, last_name, middle_name, learning_type, password, personal_email, phone_number, reception_type, student_number, work_email, group_id) values (44, '1999-09-18', 9760252876, 'Ailyn', 'Wormald', 'Lawry', 3, '$2a$04$Zsmkx9yloDINgiLYYuALPu/wNyZdoq10XKDTKm.cwkjOxtMOHQmKW', 'alawry17@comsenz.com', '793-609-7294', 1, 738386569, 'alawry17@google.it', 41);
insert into students (id, birth_date, eng, first_name, last_name, middle_name, learning_type, password, personal_email, phone_number, reception_type, student_number, work_email, group_id) values (45, '2004-02-11', 8447958662, 'Carita', 'Braban', 'Charnock', 1, '$2a$04$oA1v5gmahypdNFbJmYQQEu.QkwSqbHrl5MD2JMpJgptXcwOM5RJ9.', 'ccharnock18@behance.net', '878-777-7078', 1, 549877426, 'ccharnock18@huffingtonpost.com', 27);
insert into students (id, birth_date, eng, first_name, last_name, middle_name, learning_type, password, personal_email, phone_number, reception_type, student_number, work_email, group_id) values (46, '2018-04-12', 5811348926, 'Brucie', 'Lieber', 'Clues', 1, '$2a$04$xD2RgcvXcNeldRuRXrsDOuDeS7yGcTDrKLyAffaBYxHuazTrW.2iu', 'bclues19@acquirethisname.com', '195-248-4370', 1, 328982483, 'bclues19@blogspot.com', 60);
insert into students (id, birth_date, eng, first_name, last_name, middle_name, learning_type, password, personal_email, phone_number, reception_type, student_number, work_email, group_id) values (47, '2004-04-11', 5695331017, 'Lothaire', 'Lipp', 'Seary', 1, '$2a$04$bK5v0DJ49E/yDdtf0W2n3OiSAUq6o5zgPQ6ngkmX605vuWP5H.QxS', 'lseary1a@behance.net', '745-272-8885', 0, 669896580, 'lseary1a@bloomberg.com', 72);
insert into students (id, birth_date, eng, first_name, last_name, middle_name, learning_type, password, personal_email, phone_number, reception_type, student_number, work_email, group_id) values (48, '2011-02-21', 8109253200, 'Gaylord', 'Rivaland', 'Gillanders', 2, '$2a$04$mcG6Rr6XWO95i1LZVyKvb.iK5yUU5QTod3hscXGoRv9r0yP0p8bmS', 'ggillanders1b@example.com', '197-824-9720', 1, 297231412, 'ggillanders1b@ocn.ne.jp', 55);
insert into students (id, birth_date, eng, first_name, last_name, middle_name, learning_type, password, personal_email, phone_number, reception_type, student_number, work_email, group_id) values (49, '2012-07-15', 3970620269, 'Bruce', 'Crennell', 'Whatling', 3, '$2a$04$DurL5xmwsWTBCPK3iIgV6OD6WDKwKsGq/WvbAEUJ-JvS3k0j4SNMO', 'bwhatling1c@yellowpages.com', '472-107-1881', 1, 891247060, 'bwhatling1c@icio.us', 46);
insert into students (id, birth_date, eng, first_name, last_name, middle_name, learning_type, password, personal_email, phone_number, reception_type, student_number, work_email, group_id) values (50, '1999-08-20', 5114282461, 'Biddie', 'Scutching', 'Hutson', 1, '$2a$04$9ARsyDiw7Bh1lDSUTJaqdO6.vxWY4DmPmwT0qD4tioWbQnICNIvEK', 'bhutson1d@scribd.com', '406-143-3316', 1, 797358900, 'bhutson1d@disqus.com', 23);
insert into students (id, birth_date, eng, first_name, last_name, middle_name, learning_type, password, personal_email, phone_number, reception_type, student_number, work_email, group_id) values (51, '1986-11-04', 9460310331, 'Florida', 'Creffield', 'Cheeney', 3, '$2a$04$gIolPPe4OjOzahAyIVGzHekRyb5wCe0.jV9/U6tk0JdB.HXcjYAsS', 'fcheeney1e@scientificamerican.com', '188-292-0839', 1, 544690244, 'fcheeney1e@people.com.cn', 97);
insert into students (id, birth_date, eng, first_name, last_name, middle_name, learning_type, password, personal_email, phone_number, reception_type, student_number, work_email, group_id) values (52, '2003-04-21', 6849034298, 'Napoleon', 'Fuentez', 'O''Day', 3, '$2a$04$qK9pnPJvLnBajNMu6nKky.yUC5q1S5hcGZKaPYLdAMd3BqKTFVyxe', 'noday1f@360.cn', '395-680-1452', 1, 938145515, 'noday1f@google.nl', 71);
insert into students (id, birth_date, eng, first_name, last_name, middle_name, learning_type, password, personal_email, phone_number, reception_type, student_number, work_email, group_id) values (53, '2018-06-20', 1098772881, 'Dena', 'Stower', 'Skamal', 2, '$2a$04$uE5YGd6TERYzCoBQknzDKeXhqvRB6k23v4q2FjTTahrAzwuErUUCC', 'dskamal1g@nps.gov', '682-386-9068', 1, 170845471, 'dskamal1g@blogger.com', 12);
insert into students (id, birth_date, eng, first_name, last_name, middle_name, learning_type, password, personal_email, phone_number, reception_type, student_number, work_email, group_id) values (54, '2007-05-27', 9642352204, 'Adrianna', 'Butler-Bowdon', 'Edgar', 2, '$2a$04$v2nuXPsYIqr7x/zzQJkJnu5fkZ2ZNDSfkAA6YggeKWPDDJrk9gwva', 'aedgar1h@tripod.com', '449-721-5826', 1, 498360467, 'aedgar1h@imageshack.us', 72);
insert into students (id, birth_date, eng, first_name, last_name, middle_name, learning_type, password, personal_email, phone_number, reception_type, student_number, work_email, group_id) values (55, '2015-03-25', 8587508124, 'Gan', 'MacNeillie', 'MacMakin', 0, '$2a$04$o3KlTcbbJ/1vMvcf1sHLt.nzQweAD0lO/cRgkTq/RfnH6GmCAU8Ei', 'gmacmakin1i@wisc.edu', '820-798-5388', 0, 284664976, 'gmacmakin1i@yahoo.co.jp', 9);
insert into students (id, birth_date, eng, first_name, last_name, middle_name, learning_type, password, personal_email, phone_number, reception_type, student_number, work_email, group_id) values (56, '2005-04-15', 7059654727, 'Lianne', 'Keming', 'Maffione', 3, '$2a$04$F3rj6ZxBDz57GfikTzzhGuwIMVQakfPp2j2dDiPVAqRKZAGCcIVw6', 'lmaffione1j@acquirethisname.com', '319-342-1316', 0, 445020505, 'lmaffione1j@nih.gov', 2);
insert into students (id, birth_date, eng, first_name, last_name, middle_name, learning_type, password, personal_email, phone_number, reception_type, student_number, work_email, group_id) values (57, '1990-05-06', 3922055348, 'Jeanne', 'Chaddock', 'Bransdon', 3, '$2a$04$fnl.0paW7CwYYd/01CLqJ.tcrYc.Z4PF9r8zoiyj6sEHgFIhJ/fxO', 'jbransdon1k@cdbaby.com', '322-613-5991', 0, 374876019, 'jbransdon1k@cdbaby.com', 48);
insert into students (id, birth_date, eng, first_name, last_name, middle_name, learning_type, password, personal_email, phone_number, reception_type, student_number, work_email, group_id) values (58, '1988-08-30', 8042041308, 'Carroll', 'Flintuff', 'Roddie', 2, '$2a$04$YZQt.cXCpNesAVP7Y3Gsm.hJAduuywIwskXqwxB.WMfBaNdY34RIe', 'croddie1l@liveinternet.ru', '525-299-1965', 0, 911264090, 'croddie1l@squidoo.com', 12);
insert into students (id, birth_date, eng, first_name, last_name, middle_name, learning_type, password, personal_email, phone_number, reception_type, student_number, work_email, group_id) values (59, '1996-05-25', 1459642730, 'Joell', 'Kidgell', 'Fieller', 3, '$2a$04$3SmpU7V2gH53Ut/Epw/NquVS1TcOKI8gJsYACIFbSWyYXr7qFv5s6', 'jfieller1m@google.ru', '105-111-8310', 1, 665209437, 'jfieller1m@purevolume.com', 60);
insert into students (id, birth_date, eng, first_name, last_name, middle_name, learning_type, password, personal_email, phone_number, reception_type, student_number, work_email, group_id) values (60, '1993-08-21', 2793191846, 'Pauly', 'Rasp', 'Clinch', 2, '$2a$04$ULT.FAqODQEf575T1NwSTu1LfjQ5jSOb5nrtfZKGz1Rl7Zg17YDz2', 'pclinch1n@oracle.com', '611-741-8941', 1, 757877789, 'pclinch1n@zdnet.com', 33);
insert into students (id, birth_date, eng, first_name, last_name, middle_name, learning_type, password, personal_email, phone_number, reception_type, student_number, work_email, group_id) values (61, '1996-09-26', 3386896343, 'Shayla', 'Corlett', 'Lowne', 1, '$2a$04$pbIc9Ke296Ou4r0aRJiBKeRn71JTGnOK9Jr5VirybpsXHusz.btzS', 'slowne1o@free.fr', '954-395-2756', 0, 750743697, 'slowne1o@google.fr', 6);
insert into students (id, birth_date, eng, first_name, last_name, middle_name, learning_type, password, personal_email, phone_number, reception_type, student_number, work_email, group_id) values (62, '2019-01-18', 7572708504, 'Gwen', 'Whightman', 'Waterson', 1, '$2a$04$L6glX4.f0Ks2g1bYbm2lNOXC1Vu9Z6s8VaVM8mVFYVH5lyJBR9nb2', 'gwaterson1p@nbcnews.com', '482-518-7503', 1, 827212155, 'gwaterson1p@google.nl', 88);
insert into students (id, birth_date, eng, first_name, last_name, middle_name, learning_type, password, personal_email, phone_number, reception_type, student_number, work_email, group_id) values (63, '2003-06-16', 5988650381, 'Seymour', 'Bodesson', 'McMillan', 3, '$2a$04$fFv/maVr6mbHQRPTW1ei3urX7jKqlBFWSY0uvSTItQ2VmvUcnzENK', 'smcmillan1q@columbia.edu', '313-718-6353', 0, 967986457, 'smcmillan1q@earthlink.net', 74);
insert into students (id, birth_date, eng, first_name, last_name, middle_name, learning_type, password, personal_email, phone_number, reception_type, student_number, work_email, group_id) values (64, '1994-10-19', 9771215960, 'Phil', 'Graham', 'Alsobrook', 3, '$2a$04$KtCR2SEUfy2D.3sUn3P5eOshIqAt5/HuIGT.A0jXrMy.Wx9JPwcH2', 'palsobrook1r@techcrunch.com', '259-665-4469', 1, 469537144, 'palsobrook1r@weather.com', 10);
insert into students (id, birth_date, eng, first_name, last_name, middle_name, learning_type, password, personal_email, phone_number, reception_type, student_number, work_email, group_id) values (65, '2016-04-08', 6750933996, 'Deny', 'Reece', 'Blankman', 0, '$2a$04$6Ovzev.0VqmOS5sMHLKL5OGH86lkU/Ppw7urv5JHH0g8fU670dC.G', 'dblankman1s@nsw.gov.au', '419-372-5767', 0, 694543833, 'dblankman1s@devhub.com', 36);
insert into students (id, birth_date, eng, first_name, last_name, middle_name, learning_type, password, personal_email, phone_number, reception_type, student_number, work_email, group_id) values (66, '2006-10-02', 9892074104, 'Theresina', 'Synan', 'Guiton', 3, '$2a$04$gBJqSjZAXrucbgVYJXEVvurOao2Im8s2q/LG3.R2yFhA4lu96d-hS', 'tguiton1t@answers.com', '687-727-4961', 0, 646930089, 'tguiton1t@bravesites.com', 26);
insert into students (id, birth_date, eng, first_name, last_name, middle_name, learning_type, password, personal_email, phone_number, reception_type, student_number, work_email, group_id) values (67, '1993-11-26', 9290609941, 'Armstrong', 'Scanlon', 'Reinger', 2, '$2a$04$ORs2GOW9yA/TmhatCo/hOOyhy0WHoyMlDimUhMegTvjaYTtDw8e16', 'areinger1u@aol.com', '831-604-9939', 1, 998014138, 'areinger1u@sciencedaily.com', 60);
insert into students (id, birth_date, eng, first_name, last_name, middle_name, learning_type, password, personal_email, phone_number, reception_type, student_number, work_email, group_id) values (68, '2010-10-29', 8070087939, 'Meredithe', 'Lishmund', 'Haste', 3, '$2a$04$rqcjlnJd7psJf7RMENgDhOOEbFKgL61wg61KvQ/ZFEGNZRvIY4oVK', 'mhaste1v@plala.or.jp', '647-671-9544', 1, 366594734, 'mhaste1v@mozilla.org', 15);
insert into students (id, birth_date, eng, first_name, last_name, middle_name, learning_type, password, personal_email, phone_number, reception_type, student_number, work_email, group_id) values (69, '2006-01-25', 4652847721, 'Donnamarie', 'Kissell', 'Carloni', 1, '$2a$04$LDVKidNUwex4.1vPvflkk.ZtQk2s/229oMsAvnF9CTJDfI7fpFQju', 'dcarloni1w@si.edu', '889-407-7956', 0, 251781216, 'dcarloni1w@mapquest.com', 96);
insert into students (id, birth_date, eng, first_name, last_name, middle_name, learning_type, password, personal_email, phone_number, reception_type, student_number, work_email, group_id) values (70, '2011-01-12', 4534241688, 'Mendel', 'Dibbin', 'Willmetts', 0, '$2a$04$hjjgHzTj8.iXat0pZLxlaebAEWrLF4P0hg6JjsG2yNdwqwp9k68tu', 'mwillmetts1x@sun.com', '723-645-1889', 1, 605478116, 'mwillmetts1x@earthlink.net', 56);
insert into students (id, birth_date, eng, first_name, last_name, middle_name, learning_type, password, personal_email, phone_number, reception_type, student_number, work_email, group_id) values (71, '2001-12-11', 4553770381, 'Tobiah', 'Loder', 'Barabich', 0, '$2a$04$Wmt9G62HlfxWe1qwkDMNPO3fYV8ow5I2/IYVaXh/GHihXUMuvLHXO', 'tbarabich1y@yahoo.com', '644-586-7952', 1, 611022334, 'tbarabich1y@amazon.co.uk', 6);
insert into students (id, birth_date, eng, first_name, last_name, middle_name, learning_type, password, personal_email, phone_number, reception_type, student_number, work_email, group_id) values (72, '2000-03-09', 6826859733, 'Marianne', 'Hanne', 'Koopman', 3, '$2a$04$yncHLy1WpmEKSz/C5waUE.SKV8I3TLNKxGkH0u0ntYRIjrPuPyUYK', 'mkoopman1z@webs.com', '716-708-4028', 0, 968358588, 'mkoopman1z@blog.com', 27);
insert into students (id, birth_date, eng, first_name, last_name, middle_name, learning_type, password, personal_email, phone_number, reception_type, student_number, work_email, group_id) values (73, '2001-01-17', 3576063579, 'Padget', 'Pardon', 'Domini', 0, '$2a$04$tocbmR6soqdHwNzrCKe80eiv/2jkFImpXEHUCmXgnkmnq68rEolxW', 'pdomini20@360.cn', '675-219-3728', 0, 244133428, 'pdomini20@ezinearticles.com', 22);
insert into students (id, birth_date, eng, first_name, last_name, middle_name, learning_type, password, personal_email, phone_number, reception_type, student_number, work_email, group_id) values (74, '1990-04-05', 5264252147, 'Orin', 'Wasbrough', 'Nelane', 3, '$2a$04$mRAVbuDtZmARIzVhkqz8Uurf8jElZ9Fb8QnCbPbLGA0fH0RtlQsC2', 'onelane21@zdnet.com', '468-686-6599', 0, 932033149, 'onelane21@blogger.com', 10);
insert into students (id, birth_date, eng, first_name, last_name, middle_name, learning_type, password, personal_email, phone_number, reception_type, student_number, work_email, group_id) values (75, '1997-09-25', 8217919441, 'Andy', 'Tiplady', 'Edward', 0, '$2a$04$aQT87BZH.i7sGktfDogETuJSPi8basem5.A9/YpHf61LxHoYsYpO2', 'aedward22@4shared.com', '753-103-2460', 1, 784950324, 'aedward22@com.com', 1);
insert into students (id, birth_date, eng, first_name, last_name, middle_name, learning_type, password, personal_email, phone_number, reception_type, student_number, work_email, group_id) values (76, '1985-12-14', 7187103295, 'Korie', 'Catt', 'Curling', 3, '$2a$04$cQoQAOod4ft0QLWgCJecyebC7WJB9g3SPU5VgLZoCR4TO3tdZ5G6S', 'kcurling23@columbia.edu', '125-286-2658', 0, 368484425, 'kcurling23@guardian.co.uk', 61);
insert into students (id, birth_date, eng, first_name, last_name, middle_name, learning_type, password, personal_email, phone_number, reception_type, student_number, work_email, group_id) values (77, '1986-08-23', 1400957250, 'Guilbert', 'Habbon', 'Cullen', 0, '$2a$04$v71jNCrTO76g7pdkIsyPjOKf72UvDdEF5fP6CyYMjBilRrbWEmkOe', 'gcullen24@printfriendly.com', '250-280-2250', 0, 839842653, 'gcullen24@comcast.net', 97);
insert into students (id, birth_date, eng, first_name, last_name, middle_name, learning_type, password, personal_email, phone_number, reception_type, student_number, work_email, group_id) values (78, '1993-06-22', 1842210682, 'Godfree', 'Keggins', 'Smee', 2, '$2a$04$Mr7VKWxco9DY7Q0vvHn4w.b91HOhbajFm5sXUhL.dGEPfydFds9FW', 'gsmee25@google.com.hk', '946-485-2083', 0, 568656439, 'gsmee25@sogou.com', 5);
insert into students (id, birth_date, eng, first_name, last_name, middle_name, learning_type, password, personal_email, phone_number, reception_type, student_number, work_email, group_id) values (79, '2010-07-24', 9958446689, 'Isabelle', 'Ewles', 'O'' Byrne', 0, '$2a$04$wuF3pJ1hq8ZijzhSUeL74.srmFgDjrTzzojmg/J4XC.16WpC3D8Gi', 'iobyrne26@tumblr.com', '367-457-0694', 1, 696000062, 'iobyrne26@apple.com', 27);
insert into students (id, birth_date, eng, first_name, last_name, middle_name, learning_type, password, personal_email, phone_number, reception_type, student_number, work_email, group_id) values (80, '1993-05-26', 5318845991, 'Ogdan', 'Wolver', 'O''Kieran', 3, '$2a$04$7DLM65xAdAEknmyDTITmxOyCJLBePF7TBO46CIl7J66uH.E/5R1pS', 'ookieran27@eventbrite.com', '867-166-2530', 0, 831590027, 'ookieran27@delicious.com', 31);
insert into students (id, birth_date, eng, first_name, last_name, middle_name, learning_type, password, personal_email, phone_number, reception_type, student_number, work_email, group_id) values (81, '2018-04-27', 6349669150, 'Gabbey', 'Duffie', 'Komorowski', 3, '$2a$04$fQhjngPLfArQzz.bUP0wEuVgDfGFy2ZzjSqd9opar4znxEOG6J3xm', 'gkomorowski28@upenn.edu', '886-672-8702', 1, 575293557, 'gkomorowski28@mit.edu', 49);
insert into students (id, birth_date, eng, first_name, last_name, middle_name, learning_type, password, personal_email, phone_number, reception_type, student_number, work_email, group_id) values (82, '1999-06-24', 8622801499, 'Evangelina', 'Orrocks', 'Borles', 1, '$2a$04$htMBhYBdZtFr53wLHI0wZea0HnlrRflQ/0vLTxdrI74QOky-rBTie', 'eborles29@scribd.com', '422-293-4055', 1, 438962762, 'eborles29@aboutads.info', 55);
insert into students (id, birth_date, eng, first_name, last_name, middle_name, learning_type, password, personal_email, phone_number, reception_type, student_number, work_email, group_id) values (83, '2005-07-19', 7731965339, 'Cornell', 'Gaskal', 'Bestar', 1, '$2a$04$enRJyLpCRE77gd3paaj2T.845ccCr6g4OPhJJQguSF9QhlueKJj86', 'cbestar2a@opera.com', '307-113-9858', 0, 201415103, 'cbestar2a@weather.com', 39);
insert into students (id, birth_date, eng, first_name, last_name, middle_name, learning_type, password, personal_email, phone_number, reception_type, student_number, work_email, group_id) values (84, '1989-03-19', 7028483247, 'Ajay', 'Presland', 'Brammer', 1, '$2a$04$cvKBTyeuYUwsXRxZ7sMDBuaj/5gpji6Zz2SMpy5JP3UQOIJ9JZYQO', 'abrammer2b@comsenz.com', '651-452-0115', 0, 742492133, 'abrammer2b@miibeian.gov.cn', 30);
insert into students (id, birth_date, eng, first_name, last_name, middle_name, learning_type, password, personal_email, phone_number, reception_type, student_number, work_email, group_id) values (85, '2008-06-17', 7293894466, 'Thekla', 'Mackness', 'Adnet', 2, '$2a$04$vNeDLFba224U/R3bjdaE2OxqSbXyzYXPPkzjdkluVhZYk/Rm3M89i', 'tadnet2c@joomla.org', '835-166-8696', 1, 879088733, 'tadnet2c@newsvine.com', 1);
insert into students (id, birth_date, eng, first_name, last_name, middle_name, learning_type, password, personal_email, phone_number, reception_type, student_number, work_email, group_id) values (86, '2008-05-17', 4341882240, 'Carlene', 'Hawkings', 'Pischoff', 2, '$2a$04$hg62BHj0UKdtk7w4fBLWp.PFVkrjCoeFNOGVydJjcxwGpjYV1zz4e', 'cpischoff2d@soundcloud.com', '192-890-9187', 0, 418623089, 'cpischoff2d@timesonline.co.uk', 36);
insert into students (id, birth_date, eng, first_name, last_name, middle_name, learning_type, password, personal_email, phone_number, reception_type, student_number, work_email, group_id) values (87, '2001-01-28', 8424820356, 'Murry', 'Cardow', 'Shoard', 3, '$2a$04$Ed.YLnFYzY4B7Rw5PqkBr.B7eHCdWZbjzfNfEumz9tqCgzL.ihBdG', 'mshoard2e@washingtonpost.com', '491-802-6972', 1, 763000237, 'mshoard2e@yahoo.co.jp', 24);
insert into students (id, birth_date, eng, first_name, last_name, middle_name, learning_type, password, personal_email, phone_number, reception_type, student_number, work_email, group_id) values (88, '2005-11-10', 5458336193, 'Caryl', 'Jeste', 'Gutowski', 0, '$2a$04$S0OnppZ8R2l5xFgF.txUHu4Ug634gUs/3X8TA/wm0Wvds3g94RAhe', 'cgutowski2f@wikipedia.org', '826-336-0698', 1, 782659662, 'cgutowski2f@adobe.com', 59);
insert into students (id, birth_date, eng, first_name, last_name, middle_name, learning_type, password, personal_email, phone_number, reception_type, student_number, work_email, group_id) values (89, '2002-01-27', 8185136353, 'Gregor', 'Brewerton', 'Syce', 1, '$2a$04$eV5xXNufl8ciKCe2gsPsYOhKjhf7t4QB3H7N60g/fgbtkmR0Lu61K', 'gsyce2g@friendfeed.com', '114-756-9452', 0, 280998160, 'gsyce2g@hatena.ne.jp', 59);
insert into students (id, birth_date, eng, first_name, last_name, middle_name, learning_type, password, personal_email, phone_number, reception_type, student_number, work_email, group_id) values (90, '2017-07-12', 6400612443, 'Mersey', 'Allred', 'Puzey', 3, '$2a$04$wiNM.Ek4/e/jAwmyrxJt3esT9dRT0ML9PPvBsz3vZI2d1TnZGQK6u', 'mpuzey2h@tuttocitta.it', '645-308-3885', 1, 291803387, 'mpuzey2h@home.pl', 66);
insert into students (id, birth_date, eng, first_name, last_name, middle_name, learning_type, password, personal_email, phone_number, reception_type, student_number, work_email, group_id) values (91, '1996-01-07', 2878673789, 'Fiorenze', 'Rouch', 'Dugdale', 0, '$2a$04$iz0LyHTW9A7PD2lMFgWrLe2FCTvIWfu6QcQ24CNrvBgLDtdu4N1pq', 'fdugdale2i@sogou.com', '802-212-6552', 0, 233132985, 'fdugdale2i@instagram.com', 63);
insert into students (id, birth_date, eng, first_name, last_name, middle_name, learning_type, password, personal_email, phone_number, reception_type, student_number, work_email, group_id) values (92, '2018-04-05', 1404580092, 'Gaby', 'Coode', 'Grzes', 0, '$2a$04$xJLqWe5QFNsH0kmNEu6ts.uUBgNRHejCpJC3z2dcJ2AFRKOpgDcY2', 'ggrzes2j@hostgator.com', '193-112-6511', 1, 592470518, 'ggrzes2j@acquirethisname.com', 45);
insert into students (id, birth_date, eng, first_name, last_name, middle_name, learning_type, password, personal_email, phone_number, reception_type, student_number, work_email, group_id) values (93, '1992-08-02', 3490002765, 'Nora', 'Marjoribanks', 'Cunnow', 2, '$2a$04$Wr560LHFaphCffGtCV.FAORHACYjXIcwpWGn2dSwCJvTVGkxdH6Uu', 'ncunnow2k@sohu.com', '862-963-8347', 1, 998155874, 'ncunnow2k@abc.net.au', 28);
insert into students (id, birth_date, eng, first_name, last_name, middle_name, learning_type, password, personal_email, phone_number, reception_type, student_number, work_email, group_id) values (94, '1995-04-27', 6228076232, 'Grace', 'Pearlman', 'Pickin', 0, '$2a$04$e1d6ABpRjS77Rl8v3I4FHOa/IG5voks84GUVhuwHB2ZW8/iqmYoaq', 'gpickin2l@soup.io', '437-467-3649', 0, 334023484, 'gpickin2l@nhs.uk', 99);
insert into students (id, birth_date, eng, first_name, last_name, middle_name, learning_type, password, personal_email, phone_number, reception_type, student_number, work_email, group_id) values (95, '1997-06-19', 6305150927, 'Flory', 'Eates', 'Collins', 3, '$2a$04$2oofvHENYorROv6677VZRuBdjZ9d1UyjoQs3fyuyeqLYlaMIk8yXG', 'fcollins2m@cpanel.net', '467-868-0057', 0, 524919806, 'fcollins2m@businessweek.com', 35);
insert into students (id, birth_date, eng, first_name, last_name, middle_name, learning_type, password, personal_email, phone_number, reception_type, student_number, work_email, group_id) values (96, '2009-12-16', 8578823372, 'Svend', 'MacParland', 'Habard', 0, '$2a$04$HTE30UHdSAv6H26A/gI8t.KOgx8ckpkVlj2F31T7RXbKfjqoL/xIi', 'shabard2n@springer.com', '546-141-0434', 1, 750185905, 'shabard2n@ovh.net', 41);
insert into students (id, birth_date, eng, first_name, last_name, middle_name, learning_type, password, personal_email, phone_number, reception_type, student_number, work_email, group_id) values (97, '1993-02-09', 5966613994, 'Bethena', 'Searchwell', 'Duiged', 2, '$2a$04$NAPeYGzRbOBrcGs/xgattuSTaCP0vceD1vBgKAZv.QvXUTd7Haw.G', 'bduiged2o@sohu.com', '796-815-5564', 0, 369891642, 'bduiged2o@goo.gl', 99);
insert into students (id, birth_date, eng, first_name, last_name, middle_name, learning_type, password, personal_email, phone_number, reception_type, student_number, work_email, group_id) values (98, '2006-06-02', 3701497522, 'Shay', 'Fernehough', 'McKelvie', 3, '$2a$04$yyZZmFMshMSO5w2fsxF5dOJ9reKaya0d4oMnh.QlJAVN7TZGdgqCm', 'smckelvie2p@wikipedia.org', '450-541-3004', 1, 789072190, 'smckelvie2p@theglobeandmail.com', 38);
insert into students (id, birth_date, eng, first_name, last_name, middle_name, learning_type, password, personal_email, phone_number, reception_type, student_number, work_email, group_id) values (99, '2017-03-17', 3133185580, 'Jillana', 'Tutsell', 'Bollon', 0, '$2a$04$Id4jPcU.0UoV./3MK35I7.XIKywi7JNFTBL2FuXwFpgjiFAdlu-3i', 'jbollon2q@oaic.gov.au', '407-493-2914', 1, 411763878, 'jbollon2q@odnoklassniki.ru', 1);
insert into students (id, birth_date, eng, first_name, last_name, middle_name, learning_type, password, personal_email, phone_number, reception_type, student_number, work_email, group_id) values (100, '1990-12-30', 3782061830, 'Ardenia', 'Becaris', 'Goman', 3, '$2a$04$xj3tutqBcq3jEysWNI6e..MoIZqtpspqNlrbLNh.WfKUh5846Q2.G', 'agoman2r@cpanel.net', '249-969-5852', 1, 964033873, 'agoman2r@elpais.com', 60);

UNLOCK TABLES;

LOCK TABLES `subjects` WRITE;

INSERT INTO `subjects` VALUES
(1,'Aut qui odio ex omnis. Sit quasi soluta et ipsa veniam. Rerum quam in veniam necessitatibus quam voluptates. Quis sit et voluptatem sed. Iste aut quia suscipit commodi.','est',1,1),
(2,'Aliquam officia est quia voluptatibus aut dolorem nobis. Sed corrupti magnam dolor officia. Rerum omnis rerum magnam necessitatibus maxime quo minus.','veniam',2,2),
(3,'Vitae facilis natus incidunt ratione. Ea excepturi in beatae est quidem laboriosam fugiat. Omnis aut quia voluptatem ea aliquid atque. Officiis culpa quibusdam ab quis dolorum.','voluptatem',3,3),
(4,'Ipsa occaecati veniam dolorem numquam. Eum magni dolore modi et libero asperiores vero at. Quis enim at enim voluptatem. Eligendi sint numquam nulla et reiciendis consequatur et. Dolor ducimus mollitia repellendus eveniet velit cumque sapiente quia.','dolores',4,4),
(5,'Sit ipsum minus ipsam. Laborum architecto quod et in. Odit magni ut magni dolores aut praesentium. Ipsam quia sed natus velit qui dolore corrupti. Ad consequatur vel qui.','consequuntur',5,5),
(6,'Dolor id voluptatum dicta explicabo expedita. Reiciendis aperiam aliquam animi dolorum itaque ab sint. Accusamus vero fuga et id.','optio',6,6),
(7,'Cumque odio quo suscipit. Fugiat aliquid velit eos est illum error sit maiores. Enim nulla deserunt sint aut consequuntur reprehenderit molestiae. Occaecati occaecati et at eum inventore ut corporis id.','dolor',7,7),
(8,'Quibusdam non maxime sunt non suscipit. Perspiciatis sed saepe et quae dolorem ut incidunt.','ut',8,8),
(9,'Nobis nisi possimus optio exercitationem. Velit delectus autem illum aut.','a',9,9),
(10,'Eveniet cupiditate consequatur quia ut. Quia dolor voluptatibus dolorum totam earum illum libero perspiciatis.','recusandae',10,10),
(11,'Saepe sunt quo repudiandae qui. Sit aspernatur odit id ut. Est sed adipisci vel facere veritatis dolorem.','ea',11,11),
(12,'Dolorum dolorum molestiae dolores voluptatibus ex quidem fuga. Nam dignissimos in tempore. Non hic voluptatem quibusdam mollitia eius sapiente est. Sequi fugiat iusto minima ipsum animi iure debitis.','qui',12,12),
(13,'Omnis dolorum sequi cum. Earum totam nobis assumenda sint facilis sint. Voluptatem itaque optio soluta qui laudantium ut dignissimos. Fuga molestias nobis aut consequuntur veritatis quo magnam.','optio',13,13),
(14,'Aliquam quod quibusdam accusamus. Quia fugit reiciendis debitis. Sit temporibus autem et eligendi. Impedit optio molestiae totam voluptatem cupiditate eum.','sed',14,14),
(15,'Quasi est pariatur delectus optio dolor eos. Accusantium a vel ut suscipit exercitationem iusto. Dolorem ad itaque aliquid aut repudiandae. Rerum perferendis ut dolores asperiores.','qui',15,15),
(16,'Suscipit cumque quo repellendus. Doloremque libero dolores aspernatur architecto totam laboriosam facere non. Fugit et iure unde veritatis voluptate alias in sapiente. Quia expedita quidem placeat ipsa nam reprehenderit porro quo. Qui dolor dolorem quo au','velit',16,16),
(17,'Et molestiae facilis vel accusantium fugiat. Quo impedit nisi minima qui. Molestiae nulla cumque voluptates corporis.','est',17,17),
(18,'Recusandae quibusdam magnam non dolores earum enim et. Adipisci eius laudantium ea voluptate optio totam officia sed. Dicta molestiae occaecati dolore.','et',18,18),
(19,'Dolores suscipit placeat voluptas ea. Nihil ipsa ea doloribus unde et ratione perspiciatis. Numquam voluptatem tempora aut rem.','quidem',19,19),
(20,'Sit ut voluptatibus ex debitis. Magnam eligendi et corrupti placeat nobis amet ullam deleniti. Rerum molestias aliquam aperiam qui molestiae modi. Magni sit qui et.','dolore',20,20),
(21,'Recusandae cumque tempore at totam consequuntur explicabo voluptatibus. Vel facilis ad saepe enim quae quasi provident. Eos incidunt a aut aut debitis tempora ea. Placeat vel dolore fugiat et.','dicta',21,21),
(22,'Nesciunt debitis et dolorem eos. Et sed magnam earum facere error. In in ratione excepturi eum aut commodi ut enim.','nemo',22,22),
(23,'Excepturi neque magnam saepe fuga nostrum soluta. Eaque voluptate non totam. Quaerat voluptas ut numquam iusto. Error eos qui atque et. Adipisci eum earum iste possimus.','harum',23,23),
(24,'Voluptatibus rem saepe suscipit unde dolorem saepe. Ab est sunt minima. Dolorem nobis quia perferendis suscipit. Impedit dignissimos eum ut et esse aut.','eos',24,24),
(25,'Sunt ut id accusamus facilis voluptatum sed. Neque nostrum ex unde autem. Praesentium deleniti corporis quam.','provident',25,25),
(26,'Sed et et ducimus est laudantium et. Soluta sit sint nulla sunt. Est molestiae doloremque nostrum in qui. Corrupti ullam sint odit eaque ipsam dolorem.','quae',26,26),
(27,'Aut quis cumque qui doloribus. Aliquid totam enim minima. Ipsam quidem eum aut expedita magnam.','est',27,27),
(28,'Aperiam temporibus sit velit ut architecto et quasi. Assumenda ducimus quia rerum fugit soluta vel necessitatibus. Earum nobis quia sed nostrum. Praesentium error quaerat tempore occaecati omnis.','amet',28,28),
(29,'Saepe quod quia quos aut repudiandae aliquid. Et cumque itaque quia facere ducimus quia. Id veniam velit perspiciatis optio aliquid sed perferendis.','sint',29,29),
(30,'Occaecati et voluptatem sit autem. Officiis totam consequatur et. Magni consequatur ipsum atque et eum voluptatum. Cum provident quisquam non vel laborum iste rem.','qui',30,30),
(31,'Et non ipsum ut doloremque fuga inventore. Commodi iure esse laudantium ab dolores. Quidem placeat dolores architecto nisi est harum.','quo',31,31),
(32,'Quod pariatur dignissimos iste similique sit. Hic omnis at enim dolores aut. Quaerat quia magnam quia magnam iure voluptates.','est',32,32),
(33,'Aliquam facere aut numquam sequi commodi. Eligendi nostrum mollitia esse laborum laborum. Quisquam autem voluptates rem repellat sunt.','qui',33,33),
(34,'In modi est fugiat. Ab quidem possimus ex vitae repellat. Nam suscipit similique similique earum.','qui',34,34),
(35,'Odio commodi dolorem aperiam sit. Illum recusandae et optio ab repellendus quidem non. Adipisci dicta unde qui consectetur quaerat reiciendis.','voluptatum',35,35),
(36,'Vero quo est totam dolores. Fuga et vel facilis magnam similique blanditiis et. Et quam hic officia enim quia. Ut voluptates architecto ex eius.','earum',36,36),
(37,'Consectetur vel ipsum architecto. Sed ab sed enim rerum necessitatibus voluptates consectetur. Quos commodi accusantium ex cumque non.','et',37,37),
(38,'Harum aliquam facilis repudiandae sapiente dolores aut non. Nam rerum numquam et et explicabo perspiciatis.','placeat',38,38),
(39,'Quasi nihil quia quia delectus veniam eos sequi. Quidem nobis quis et autem eaque dolores occaecati. Repudiandae id accusantium error adipisci vel sint et neque. Esse qui nam error ipsa.','ea',39,39),
(40,'Voluptates quisquam non ea vel aut aut. Ex repudiandae ut dolorem impedit vel iure. Odio incidunt aspernatur ipsa voluptatum cumque sint inventore est. Quia aut iusto voluptas quo. Soluta ducimus dolorum doloribus iure.','numquam',40,40),
(41,'Autem neque facere non vero sit enim aut. Nostrum facilis sed voluptatem aut suscipit ducimus voluptas. Quae alias nam voluptates voluptatum.','consequuntur',41,41),
(42,'Tempora voluptas nulla et sunt. Dolor deleniti earum quo sunt tenetur et molestias sed. Atque corporis molestias ut cumque sint. Deleniti quibusdam atque ea in non sit.','quidem',42,42),
(43,'Maxime et aut soluta sit quod deserunt reiciendis. Voluptas delectus mollitia est deserunt cupiditate neque mollitia. Optio perspiciatis iusto in necessitatibus adipisci veritatis voluptatem. Eos non nihil et. Et odio perferendis excepturi illum.','et',43,43),
(44,'Alias quam numquam quas sed. Repellat voluptatem qui repudiandae possimus animi error itaque. Ut suscipit magnam itaque libero. Quisquam placeat nemo enim perferendis ea eveniet labore id. Quidem iusto sed praesentium aut ut qui.','rerum',44,44),
(45,'Aspernatur velit quaerat nisi illo aut omnis amet quidem. Blanditiis consectetur quisquam delectus incidunt. Possimus nobis repellat rerum eum. Cumque animi ratione ipsa modi in eos.','animi',45,45),
(46,'Quia ducimus consequatur sunt veniam id iste animi tempore. Quia quia minima culpa est. Vero et voluptas et vel. Fugit provident est sint.','aperiam',46,46),
(47,'Alias soluta modi quam est rerum voluptas perspiciatis. Eveniet a nemo et adipisci. Commodi vel aliquid quis autem. Aperiam quaerat sunt voluptate voluptatem accusantium labore.','doloribus',47,47),
(48,'Placeat fugit recusandae quia cumque ad accusamus quas. Ut perferendis voluptas dolor facere qui. Dolores error itaque et sint quidem nobis at.','consequatur',48,48),
(49,'Qui repellat ipsam provident ducimus quo. Illo accusantium ea optio quia rerum eligendi voluptatum. Qui occaecati reiciendis rem sunt qui nesciunt quam.','provident',49,49),
(50,'Quas ut laboriosam doloribus quibusdam quia. Officia aut et ratione. Exercitationem repellendus qui ipsa aut atque.','neque',50,50),
(51,'Nulla dolorem natus aut libero iure et laboriosam. Sit occaecati id sint aut repellat sit. Asperiores rem voluptatem ut necessitatibus deleniti.','dolorem',51,51),
(52,'Et omnis cupiditate architecto unde hic vel. Et delectus quia et tempore maxime tempore. Omnis qui et voluptatibus assumenda assumenda. Minima perferendis quibusdam expedita quia non quam animi occaecati.','in',52,52),
(53,'Et et occaecati at eos. Eligendi voluptatem eum vel est provident. Aut quibusdam accusantium quia reiciendis. Temporibus autem sint praesentium voluptatem reiciendis et qui.','officiis',53,53),
(54,'Et recusandae assumenda delectus est. Id placeat magni voluptas quasi voluptate quia. Tempora enim officia consectetur est doloremque rerum quaerat. Voluptatem eaque quo tempore culpa illo quia.','quos',54,54),
(55,'Et quo perferendis dolores ut. Nemo sed officiis veniam animi eum. Dolores earum ex ipsum qui nulla occaecati. Temporibus laboriosam illum ut eaque. Consequatur deleniti vero minus molestiae.','veritatis',55,55),
(56,'Rerum eos molestiae eaque velit officiis cumque molestiae distinctio. Earum id numquam qui eum.','omnis',56,56),
(57,'Qui est at tempore qui laboriosam. Esse qui modi dolor nobis. Sit ipsam ratione occaecati molestiae ipsa natus eligendi. Est enim quia asperiores officiis possimus et distinctio dolores.','fugiat',57,57),
(58,'Consequatur quidem rem doloribus excepturi officiis et. Quisquam minima aliquam voluptatem et natus sunt illum.','perferendis',58,58),
(59,'Tenetur repudiandae et illo provident. Quod quia quidem voluptatem impedit occaecati libero. Deleniti est accusamus sint ut est minima.','et',59,59),
(60,'Enim est ea earum veritatis nesciunt id deleniti. Dignissimos quidem praesentium et praesentium.','fugit',60,60),
(61,'Incidunt omnis aut neque quo. Vel omnis blanditiis et consectetur odit. Sed autem reprehenderit quia itaque. Sapiente est quisquam autem reprehenderit ut fuga nihil.','aut',61,61),
(62,'Vel vitae quas qui accusantium aut fugiat quia. Sed magnam omnis atque. Omnis veritatis suscipit consectetur voluptatem molestiae ad hic. Non quis officia aut expedita vel quod autem.','voluptatem',62,62),
(63,'Et dolores illo vitae fuga pariatur et inventore ratione. Mollitia enim quam cum temporibus est eius nihil. Rem et consequuntur rem odit rerum sequi. Iure et et eaque ipsum eos vel laudantium temporibus.','voluptatem',63,63),
(64,'Repellendus eos numquam id. Et laudantium dolor voluptatibus veritatis. Asperiores voluptas voluptatibus mollitia voluptas voluptatem aliquid officiis. Sed est dicta recusandae nihil repudiandae nesciunt consequatur.','doloremque',64,64),
(65,'Dolores et aut aperiam vel. Ullam enim eaque quibusdam aspernatur ullam quaerat id. Ipsam praesentium sint hic. Dolorem omnis et quia illo molestiae corporis.','mollitia',65,65),
(66,'Qui velit assumenda voluptate voluptatem minus. Et est hic aut ab doloremque cum. Aut sunt voluptatem ea sunt.','quos',66,66),
(67,'Et officiis ut sit est repudiandae vel. Earum ut temporibus quisquam quam omnis omnis. Omnis ea in voluptas dolores cum omnis consequatur. Molestiae autem qui libero doloremque sunt voluptas.','illum',67,67),
(68,'Quidem sit dolor impedit odit nihil praesentium. Facilis reprehenderit et tenetur vitae. Debitis laborum qui tempora libero.','molestiae',68,68),
(69,'Consequuntur voluptas deleniti optio sed doloribus reiciendis excepturi ab. In tempore laboriosam ullam et debitis. Sint hic fugit qui dolor quia adipisci.','maxime',69,69),
(70,'Occaecati nihil ut perspiciatis adipisci. Id delectus cumque ut sit dolore voluptas occaecati. Porro aliquid assumenda possimus rerum voluptate perspiciatis consequatur. Praesentium iure esse perspiciatis et eaque dignissimos.','corporis',70,70),
(71,'Est aut et et quaerat saepe dolores voluptatem assumenda. Est doloremque totam qui fuga dolore adipisci porro. Molestiae qui numquam voluptatem explicabo voluptatem sint.','quos',71,71),
(72,'Earum officiis beatae odit et recusandae. Ex voluptas nihil est aliquid et libero error aspernatur. Qui est aliquid vel aliquam. Eligendi consequuntur dolores ratione deleniti rem illo iste ex. Dolor consequuntur autem et tempora sit sunt.','sed',72,72),
(73,'Expedita qui laudantium explicabo error nostrum voluptatibus inventore. Praesentium esse harum autem in. Asperiores ex voluptates sunt quia dicta quos dolores qui. Omnis voluptate consequatur eos aut. Soluta autem enim officiis delectus.','facere',73,73),
(74,'Vero sed tenetur necessitatibus harum eveniet culpa. Voluptas omnis nulla amet. Id at ipsa sed. Aut et ut dolor.','quam',74,74),
(75,'Consequatur ducimus voluptate ab qui beatae hic. Harum sed et in. Nihil odio in at maiores eveniet optio.','facere',75,75),
(76,'Quia libero cumque voluptatem vitae quaerat sed dolore eligendi. Deserunt neque libero debitis dolore dolor perferendis ut. Temporibus debitis quaerat sequi quo accusantium vel omnis numquam.','quibusdam',76,76),
(77,'Repudiandae laboriosam nam suscipit eos iste voluptates. Dolor ratione qui ad ipsum omnis aliquid mollitia. Accusamus quae assumenda mollitia voluptas error. At nemo tempore velit iste minus voluptatum.','nostrum',77,77),
(78,'Optio quia perspiciatis animi ea id repellat. Dolorem et quod quod mollitia quidem accusantium.','earum',78,78),
(79,'Maxime est quia voluptates repellendus quis distinctio necessitatibus. Provident quo libero quis non nisi excepturi. Quam autem est soluta consequatur. Enim similique reprehenderit voluptatum.','in',79,79),
(80,'Quia harum maiores quia maxime ut. Et temporibus quia nihil alias sit inventore dolorum. Consequuntur deserunt quia sed veritatis. Quod non repellendus placeat aliquam.','facere',80,80),
(81,'Ut vero quos quia quia. Quia placeat ut est quibusdam blanditiis asperiores. Et optio rerum iste consequatur.','reprehenderit',81,81),
(82,'Temporibus qui et quae in expedita. Et quidem illo officiis perferendis quaerat et. Similique sunt quod sunt est et. Voluptatum ut et optio modi animi hic.','natus',82,82),
(83,'Provident non dolorem eligendi nemo velit sed. Quia id repudiandae occaecati aspernatur ea. Natus similique ut voluptatibus quaerat.','illo',83,83),
(84,'Minus omnis pariatur rerum incidunt quibusdam. Et ut in fuga vel unde sit. Mollitia facilis corporis excepturi et quam omnis eius.','illum',84,84),
(85,'Ipsam possimus doloremque quae mollitia. Dolorem aliquid ut unde eum doloribus autem. Fugit at unde autem vitae omnis voluptas. Consequuntur eum voluptatum quia dolore ea dignissimos iusto.','perspiciatis',85,85),
(86,'Voluptates adipisci delectus perferendis error et quia aut. Dolor sequi iste voluptatem qui. Optio sed in dolor et sapiente. Reiciendis soluta dolorem animi.','sint',86,86),
(87,'Praesentium nulla cupiditate sequi corrupti. Cum aliquam cum nihil explicabo vel. Praesentium provident ut qui qui veniam voluptatem.','consequatur',87,87),
(88,'Laboriosam necessitatibus est blanditiis excepturi facilis. Maiores est aut eum sunt quis voluptates quasi. Quidem sed error quisquam corrupti aspernatur consequatur. Quia porro ut soluta ex ut nihil dolor.','voluptas',88,88),
(89,'Velit ratione officiis quia blanditiis in. Rerum ipsa veritatis sunt facilis.','modi',89,89),
(90,'Aut ea aliquid nemo ipsum autem iure qui suscipit. Vitae nesciunt eius quis pariatur. Fuga ex autem optio laboriosam adipisci iste. Dolores eos blanditiis tempore cupiditate.','dolorem',90,90),
(91,'Suscipit ut numquam veritatis possimus. Eligendi non ut error repudiandae vero facere magni. Et et qui mollitia earum expedita. Consectetur cumque ab sint aliquid et hic.','vitae',91,91),
(92,'Et quam temporibus repellat est. Et rerum et sed quibusdam ut et natus. Occaecati quas illum non iusto non. Voluptatibus consequuntur a quia temporibus sunt ipsa enim facilis.','ipsam',92,92),
(93,'Et dolorem vero laboriosam consequatur tempora asperiores aut ratione. Distinctio error sunt esse sunt occaecati. Hic voluptas aut eligendi excepturi. Sequi molestiae id accusamus quo sint amet.','ea',93,93),
(94,'Perferendis earum omnis accusamus laborum consectetur ipsum. Deserunt laboriosam beatae corrupti maxime dolorem voluptas. Voluptatem voluptas quae sed consequatur et. Corrupti ut numquam rem voluptatem dolorum.','et',94,94),
(95,'Quo incidunt est et enim. Commodi perspiciatis suscipit vel nobis atque et est. Delectus quis nesciunt dolor praesentium aliquid minus facere cum. Dolore atque tenetur odio qui.','rerum',95,95),
(96,'Qui et est in autem unde exercitationem occaecati aliquam. In et dolorem est asperiores non. Perspiciatis ipsam occaecati nihil vel alias eligendi quo. Ad ratione qui voluptatem incidunt odit.','corporis',96,96),
(97,'Minima ipsa voluptates magnam sed sunt. Et odio enim repellat. Consequuntur ut voluptas praesentium qui cum qui culpa.','aut',97,97),
(98,'Quae in rerum consequuntur qui voluptatem eveniet. Hic omnis natus officia voluptatum eaque. Architecto quis quae sit ad.','sapiente',98,98),
(99,'Culpa cumque et itaque asperiores dolorem consequuntur ut omnis. Culpa error et enim voluptates. Sed voluptatem suscipit voluptatem tenetur ea.','commodi',99,99),
(100,'Aut commodi eum illo omnis est rerum est. Autem et laborum error officia aliquid tenetur. Sit officiis error totam non magni quae. Consequatur nam corporis tempore doloremque occaecati enim et.','velit',100,100);

UNLOCK TABLES;

LOCK TABLES `weekly_schedules` WRITE;

INSERT INTO `weekly_schedules` (id,day_of_week,start_on_week,start_time,week_repeating,group_id,room_id,subject_id,teacher_id,academic_activities) VALUES
(1,5,4,'13:47:10.000000',0,1,101,1,1,1),
(2,2,1,'08:54:35.000000',0,2,102,2,2,0),
(3,4,4,'10:51:50.000000',1,3,103,3,3,0),
(4,6,1,'03:15:15.000000',1,4,104,4,4,2),
(5,4,3,'02:11:08.000000',1,5,105,5,5,0),
(6,0,5,'21:22:34.000000',1,6,106,6,6,0),
(7,3,4,'20:37:35.000000',2,7,107,7,7,1),
(8,5,5,'12:49:44.000000',0,8,108,8,8,0),
(9,4,3,'14:22:32.000000',0,9,109,9,9,0),
(10,3,2,'23:55:13.000000',1,10,110,10,10,2),
(11,2,1,'19:18:01.000000',1,11,111,11,11,1),
(12,1,1,'13:48:18.000000',0,12,112,12,12,0),
(13,0,4,'05:03:34.000000',1,13,113,13,13,1),
(14,0,1,'18:08:49.000000',0,14,114,14,14,1),
(15,4,3,'05:27:38.000000',2,15,115,15,15,0),
(16,5,4,'06:28:06.000000',1,16,116,16,16,2),
(17,0,3,'00:31:16.000000',2,17,117,17,17,0),
(18,1,1,'21:58:40.000000',1,18,118,18,18,1),
(19,5,4,'01:53:19.000000',0,19,119,19,19,1),
(20,6,4,'23:04:13.000000',0,20,120,20,20,2),
(21,0,4,'02:18:29.000000',1,21,121,21,21,1),
(22,5,4,'05:29:18.000000',0,22,122,22,22,1),
(23,1,4,'00:05:55.000000',1,23,123,23,23,0),
(24,2,4,'03:57:51.000000',1,24,124,24,24,0),
(25,2,3,'11:30:16.000000',0,25,125,25,25,1),
(26,2,3,'09:07:45.000000',0,26,126,26,26,2),
(27,0,1,'12:50:24.000000',1,27,127,27,27,0),
(28,1,1,'20:15:00.000000',1,28,128,28,28,1),
(29,1,2,'00:14:00.000000',0,29,129,29,29,0),
(30,4,3,'10:54:06.000000',2,30,130,30,30,1),
(31,3,2,'16:50:00.000000',0,31,131,31,31,0),
(32,6,4,'16:44:23.000000',0,32,132,32,32,0),
(33,6,3,'21:51:10.000000',2,33,133,33,33,2),
(34,6,5,'15:00:43.000000',1,34,134,34,34,2),
(35,0,4,'01:41:57.000000',1,35,135,35,35,1),
(36,5,4,'23:16:35.000000',2,36,136,36,36,0),
(37,1,2,'04:51:32.000000',2,37,137,37,37,0),
(38,0,5,'01:13:46.000000',2,38,138,38,38,0),
(39,2,1,'02:07:43.000000',2,39,139,39,39,1),
(40,3,3,'14:43:07.000000',2,40,140,40,40,2),
(41,5,4,'11:02:45.000000',2,41,141,41,41,1),
(42,4,4,'11:13:50.000000',0,42,142,42,42,0),
(43,2,5,'12:48:26.000000',1,43,143,43,43,0),
(44,0,2,'07:49:35.000000',0,44,144,44,44,0),
(45,0,1,'14:18:50.000000',0,45,145,45,45,2),
(46,6,1,'09:34:34.000000',0,46,146,46,46,0),
(47,0,5,'19:36:30.000000',1,47,147,47,47,0),
(48,3,3,'08:42:17.000000',2,48,148,48,48,2),
(49,2,5,'19:28:45.000000',1,49,149,49,49,1),
(50,5,2,'13:41:43.000000',0,50,150,50,50,0),
(51,4,4,'15:31:16.000000',1,51,151,51,51,0),
(52,0,3,'01:19:39.000000',1,52,152,52,52,1),
(53,0,2,'12:40:17.000000',1,53,153,53,53,2),
(54,0,3,'14:09:13.000000',0,54,154,54,54,2),
(55,0,3,'15:50:11.000000',1,55,155,55,55,0),
(56,0,3,'15:31:18.000000',1,56,156,56,56,2),
(57,3,3,'14:09:51.000000',1,57,157,57,57,1),
(58,1,3,'03:18:19.000000',0,58,158,58,58,1),
(59,4,2,'13:04:42.000000',0,59,159,59,59,1),
(60,4,1,'00:46:34.000000',2,60,160,60,60,2),
(61,4,3,'00:16:22.000000',0,61,161,61,61,0),
(62,2,1,'16:41:42.000000',1,62,162,62,62,1),
(63,6,1,'00:45:11.000000',2,63,163,63,63,0),
(64,4,4,'18:22:06.000000',2,64,164,64,64,0),
(65,4,1,'14:06:04.000000',0,65,165,65,65,2),
(66,0,4,'21:46:14.000000',0,66,166,66,66,2),
(67,4,2,'04:13:02.000000',2,67,167,67,67,2),
(68,5,4,'09:05:42.000000',0,68,168,68,68,1),
(69,2,3,'09:34:04.000000',0,69,169,69,69,0),
(70,4,3,'13:35:20.000000',0,70,170,70,70,2),
(71,5,5,'16:20:21.000000',1,71,171,71,71,1),
(72,6,3,'11:17:43.000000',0,72,172,72,72,1),
(73,0,4,'17:33:11.000000',0,73,173,73,73,1),
(74,6,3,'17:07:54.000000',2,74,174,74,74,0),
(75,4,5,'07:44:38.000000',2,75,175,75,75,2),
(76,1,1,'13:27:19.000000',0,76,176,76,76,0),
(77,2,3,'04:35:34.000000',2,77,177,77,77,1),
(78,6,2,'04:11:57.000000',1,78,178,78,78,2),
(79,6,3,'15:50:02.000000',2,79,179,79,79,1),
(80,2,1,'07:49:38.000000',0,80,180,80,80,2),
(81,4,3,'05:33:17.000000',0,81,181,81,81,2),
(82,5,1,'08:46:53.000000',1,82,182,82,82,2),
(83,0,5,'10:16:46.000000',0,83,184,83,83,1),
(84,1,4,'14:50:52.000000',0,84,185,84,84,1),
(85,1,4,'12:58:51.000000',2,85,186,85,85,2),
(86,4,4,'22:56:33.000000',0,86,187,86,86,1),
(87,5,1,'10:49:31.000000',0,87,188,87,87,1),
(88,5,5,'22:33:36.000000',2,88,189,88,88,2),
(89,1,1,'08:02:41.000000',1,89,190,89,89,0),
(90,2,4,'19:59:19.000000',2,90,191,90,90,0),
(91,4,5,'08:41:56.000000',2,91,192,91,91,1),
(92,4,4,'11:55:07.000000',0,92,193,92,92,2),
(93,1,2,'18:48:32.000000',2,93,194,93,93,1),
(94,6,4,'00:31:42.000000',2,94,195,94,94,0),
(95,6,3,'18:50:30.000000',0,95,196,95,95,1),
(96,0,3,'13:40:03.000000',0,96,197,96,96,1),
(97,6,1,'15:32:39.000000',0,97,198,97,97,0),
(98,5,3,'01:46:58.000000',0,98,199,98,98,0),
(99,2,2,'09:05:10.000000',0,99,200,99,99,1),
(100,2,2,'14:21:16.000000',1,100,101,100,100,1);

UNLOCK TABLES;

LOCK TABLES `dormitory_assignments` WRITE;

INSERT INTO `dormitory_assignments` VALUES
(1,'2009-01-15 00:00:00.000000',1,101,1),
(2,'2025-01-28 00:00:00.000000',1,102,6),
(3,'1977-03-31 00:00:00.000000',0,103,1),
(4,'2018-11-01 00:00:00.000000',0,104,6),
(5,'2011-05-10 00:00:00.000000',0,105,1),
(6,'1979-08-25 00:00:00.000000',1,106,6),
(7,'2003-04-14 00:00:00.000000',0,107,1),
(8,'2014-01-13 00:00:00.000000',1,108,6),
(9,'2001-10-02 00:00:00.000000',0,109,1),
(10,'1977-02-19 00:00:00.000000',1,110,6),
(11,'1989-06-22 00:00:00.000000',0,111,1),
(12,'1994-10-17 00:00:00.000000',0,112,6),
(13,'2011-10-02 00:00:00.000000',0,113,1),
(14,'1987-08-15 00:00:00.000000',1,114,6),
(15,'2022-05-08 00:00:00.000000',0,115,1),
(16,'1993-06-21 00:00:00.000000',0,116,6),
(17,'2010-11-13 00:00:00.000000',0,117,1),
(18,'1985-08-25 00:00:00.000000',1,118,6),
(19,'2022-10-27 00:00:00.000000',0,119,1),
(20,'2020-02-23 00:00:00.000000',0,120,6),
(21,'2021-09-04 00:00:00.000000',1,121,1),
(22,'2008-04-28 00:00:00.000000',1,122,6),
(23,'1989-06-19 00:00:00.000000',1,123,1),
(24,'1975-01-25 00:00:00.000000',1,124,6),
(25,'1991-12-27 00:00:00.000000',1,125,1),
(26,'1979-11-12 00:00:00.000000',0,126,6),
(27,'1982-01-11 00:00:00.000000',1,127,1),
(28,'1999-11-11 00:00:00.000000',1,128,6),
(29,'1999-06-05 00:00:00.000000',1,129,1),
(30,'2005-05-21 00:00:00.000000',0,130,6),
(31,'1991-12-25 00:00:00.000000',1,131,1),
(32,'1996-03-13 00:00:00.000000',0,132,6),
(33,'1992-07-15 00:00:00.000000',1,133,1),
(34,'2010-08-18 00:00:00.000000',1,134,6),
(35,'2019-11-16 00:00:00.000000',1,135,1),
(36,'1996-08-09 00:00:00.000000',0,136,6),
(37,'2004-03-15 00:00:00.000000',0,137,1),
(38,'2018-10-22 00:00:00.000000',1,138,6),
(39,'2015-01-02 00:00:00.000000',0,139,1),
(40,'1975-09-30 00:00:00.000000',1,140,6),
(41,'1989-07-29 00:00:00.000000',0,141,1),
(42,'2014-02-22 00:00:00.000000',1,142,6),
(43,'1983-06-14 00:00:00.000000',1,143,1),
(44,'1991-08-16 00:00:00.000000',1,144,6),
(45,'1974-11-28 00:00:00.000000',1,145,1),
(46,'2012-01-15 00:00:00.000000',1,146,6),
(47,'2003-04-16 00:00:00.000000',0,147,1),
(48,'1990-01-12 00:00:00.000000',0,148,6),
(49,'2016-11-08 00:00:00.000000',0,149,1),
(50,'2011-05-16 00:00:00.000000',1,150,6),
(51,'2014-10-17 00:00:00.000000',0,151,1),
(52,'2019-11-05 00:00:00.000000',1,152,6),
(53,'2015-02-25 00:00:00.000000',1,153,1),
(54,'2008-12-13 00:00:00.000000',1,154,6),
(55,'1974-10-10 00:00:00.000000',0,155,1),
(56,'2020-12-29 00:00:00.000000',1,156,6),
(57,'1970-02-22 00:00:00.000000',1,157,1),
(58,'1987-08-08 00:00:00.000000',0,158,6),
(59,'1992-05-13 00:00:00.000000',0,159,1),
(60,'1981-05-05 00:00:00.000000',0,160,6),
(61,'1971-12-17 00:00:00.000000',1,161,1),
(62,'2000-09-01 00:00:00.000000',0,162,6),
(63,'1996-05-16 00:00:00.000000',1,163,1),
(64,'1974-05-08 00:00:00.000000',1,164,6),
(65,'1993-12-07 00:00:00.000000',0,165,1),
(66,'1991-04-08 00:00:00.000000',1,166,6),
(67,'2005-09-29 00:00:00.000000',0,167,1),
(68,'1982-12-02 00:00:00.000000',1,168,6),
(69,'2003-01-19 00:00:00.000000',1,169,1),
(70,'1994-07-18 00:00:00.000000',0,170,6),
(71,'2016-12-22 00:00:00.000000',1,171,1),
(72,'2000-09-27 00:00:00.000000',0,172,6),
(73,'1981-08-28 00:00:00.000000',0,173,1),
(74,'1978-09-14 00:00:00.000000',1,174,6),
(75,'1982-07-15 00:00:00.000000',0,175,1),
(76,'2023-09-19 00:00:00.000000',0,176,6),
(77,'1975-07-19 00:00:00.000000',0,177,1),
(78,'2021-10-21 00:00:00.000000',1,178,6),
(79,'2004-09-01 00:00:00.000000',0,179,1),
(80,'1986-07-07 00:00:00.000000',0,180,6),
(81,'2000-02-02 00:00:00.000000',0,181,1),
(82,'2006-04-21 00:00:00.000000',1,182,6),
(83,'2017-12-31 00:00:00.000000',1,184,1),
(84,'1975-12-30 00:00:00.000000',0,185,6),
(85,'1974-02-03 00:00:00.000000',0,186,1),
(86,'1980-03-11 00:00:00.000000',1,187,6),
(87,'2019-08-06 00:00:00.000000',0,188,1),
(88,'1983-05-07 00:00:00.000000',0,189,6),
(89,'1985-08-23 00:00:00.000000',0,190,1),
(90,'1987-09-17 00:00:00.000000',1,191,6),
(91,'1999-11-04 00:00:00.000000',1,192,1),
(92,'2015-08-21 00:00:00.000000',0,193,6),
(93,'2016-05-10 00:00:00.000000',1,194,1),
(94,'1981-11-12 00:00:00.000000',0,195,6),
(95,'1998-06-24 00:00:00.000000',1,196,1),
(96,'1989-06-02 00:00:00.000000',1,197,6),
(97,'1996-05-27 00:00:00.000000',0,198,1),
(98,'1995-11-21 00:00:00.000000',1,199,6),
(99,'2016-06-05 00:00:00.000000',0,200,1),
(100,'1990-01-31 00:00:00.000000',1,101,6);

UNLOCK TABLES;

LOCK TABLES `exams` WRITE;

INSERT INTO `exams` (id,date,end_time,start_time,group_id,subject_id,teacher_id) VALUES
(1,'2013-12-05 00:00:00.000000','06:21:59.000000','13:03:17.000000',1,1,1),
(2,'1973-10-20 00:00:00.000000','12:57:56.000000','04:32:03.000000',2,2,2),
(3,'2002-11-13 00:00:00.000000','14:16:03.000000','05:29:12.000000',3,3,3),
(4,'2002-06-28 00:00:00.000000','16:51:44.000000','14:38:45.000000',4,4,4),
(5,'2024-11-04 00:00:00.000000','18:05:04.000000','20:52:12.000000',5,5,5),
(6,'1988-04-19 00:00:00.000000','21:17:39.000000','06:01:13.000000',6,6,6),
(7,'2005-06-22 00:00:00.000000','08:59:58.000000','16:03:14.000000',7,7,7),
(8,'2018-12-13 00:00:00.000000','05:54:46.000000','05:07:42.000000',8,8,8),
(9,'2002-04-17 00:00:00.000000','23:59:31.000000','23:59:01.000000',9,9,9),
(10,'1989-01-14 00:00:00.000000','09:14:46.000000','15:28:09.000000',10,10,10),
(11,'1984-04-26 00:00:00.000000','02:26:52.000000','17:41:58.000000',11,11,11),
(12,'2006-04-11 00:00:00.000000','08:54:04.000000','09:32:36.000000',12,12,12),
(13,'1983-04-02 00:00:00.000000','03:19:52.000000','01:07:30.000000',13,13,13),
(14,'2008-10-20 00:00:00.000000','18:18:31.000000','17:27:20.000000',14,14,14),
(15,'2008-04-16 00:00:00.000000','12:52:11.000000','17:04:57.000000',15,15,15),
(16,'2020-02-12 00:00:00.000000','14:36:14.000000','02:54:55.000000',16,16,16),
(17,'2018-01-17 00:00:00.000000','05:08:41.000000','15:04:36.000000',17,17,17),
(18,'1977-05-26 00:00:00.000000','19:43:49.000000','06:39:47.000000',18,18,18),
(19,'1975-04-01 00:00:00.000000','04:43:37.000000','12:55:30.000000',19,19,19),
(20,'1992-04-11 00:00:00.000000','19:24:41.000000','07:51:49.000000',20,20,20),
(21,'1985-03-20 00:00:00.000000','14:22:15.000000','09:47:11.000000',21,21,21),
(22,'1992-09-27 00:00:00.000000','03:39:24.000000','06:09:53.000000',22,22,22),
(23,'1976-06-24 00:00:00.000000','20:02:14.000000','00:08:56.000000',23,23,23),
(24,'2004-05-31 00:00:00.000000','12:45:23.000000','09:47:32.000000',24,24,24),
(25,'1993-02-25 00:00:00.000000','22:22:59.000000','06:48:16.000000',25,25,25),
(26,'2001-04-23 00:00:00.000000','06:54:35.000000','15:43:15.000000',26,26,26),
(27,'1993-06-28 00:00:00.000000','05:06:36.000000','10:49:56.000000',27,27,27),
(28,'2012-06-20 00:00:00.000000','08:40:34.000000','07:37:58.000000',28,28,28),
(29,'2018-06-27 00:00:00.000000','10:38:01.000000','12:44:13.000000',29,29,29),
(30,'1972-07-25 00:00:00.000000','01:18:28.000000','06:31:37.000000',30,30,30),
(31,'1986-04-02 00:00:00.000000','04:13:43.000000','05:28:37.000000',31,31,31),
(32,'1973-01-01 00:00:00.000000','13:59:42.000000','13:25:11.000000',32,32,32),
(33,'1977-12-30 00:00:00.000000','12:42:37.000000','13:27:18.000000',33,33,33),
(34,'1980-04-19 00:00:00.000000','13:45:39.000000','17:55:23.000000',34,34,34),
(35,'1994-06-09 00:00:00.000000','12:59:48.000000','09:34:41.000000',35,35,35),
(36,'2000-06-10 00:00:00.000000','03:09:17.000000','12:34:11.000000',36,36,36),
(37,'2007-01-08 00:00:00.000000','14:25:05.000000','19:39:37.000000',37,37,37),
(38,'1972-06-28 00:00:00.000000','19:24:22.000000','02:16:18.000000',38,38,38),
(39,'1997-12-21 00:00:00.000000','09:41:41.000000','14:19:00.000000',39,39,39),
(40,'2011-11-15 00:00:00.000000','17:57:41.000000','12:10:05.000000',40,40,40),
(41,'1991-05-27 00:00:00.000000','16:23:10.000000','18:59:56.000000',41,41,41),
(42,'1972-04-10 00:00:00.000000','06:21:03.000000','01:32:15.000000',42,42,42),
(43,'1975-11-09 00:00:00.000000','14:49:30.000000','00:28:21.000000',43,43,43),
(44,'1983-06-06 00:00:00.000000','04:33:35.000000','02:55:27.000000',44,44,44),
(45,'1993-12-15 00:00:00.000000','06:33:23.000000','18:03:49.000000',45,45,45),
(46,'1971-07-12 00:00:00.000000','10:03:15.000000','23:21:02.000000',46,46,46),
(47,'2001-12-13 00:00:00.000000','22:08:58.000000','13:26:49.000000',47,47,47),
(48,'2021-03-06 00:00:00.000000','00:11:46.000000','06:02:50.000000',48,48,48),
(49,'2013-07-11 00:00:00.000000','07:18:42.000000','23:58:05.000000',49,49,49),
(50,'1994-12-07 00:00:00.000000','15:24:03.000000','08:16:25.000000',50,50,50),
(51,'1973-04-05 00:00:00.000000','13:15:40.000000','04:34:35.000000',51,51,51),
(52,'2016-04-21 00:00:00.000000','13:58:25.000000','01:37:02.000000',52,52,52),
(53,'1972-02-07 00:00:00.000000','13:52:33.000000','15:40:05.000000',53,53,53),
(54,'1998-01-07 00:00:00.000000','15:03:31.000000','04:12:56.000000',54,54,54),
(55,'2010-02-10 00:00:00.000000','04:26:56.000000','20:35:10.000000',55,55,55),
(56,'2019-07-12 00:00:00.000000','06:31:58.000000','04:56:42.000000',56,56,56),
(57,'2024-07-14 00:00:00.000000','17:18:39.000000','12:51:18.000000',57,57,57),
(58,'2004-04-10 00:00:00.000000','19:24:18.000000','16:57:47.000000',58,58,58),
(59,'1998-06-19 00:00:00.000000','08:07:00.000000','08:50:38.000000',59,59,59),
(60,'2011-01-10 00:00:00.000000','00:43:41.000000','08:39:24.000000',60,60,60),
(61,'1970-05-26 00:00:00.000000','22:45:11.000000','15:26:39.000000',61,61,61),
(62,'2016-10-12 00:00:00.000000','05:34:33.000000','06:34:27.000000',62,62,62),
(63,'2011-08-29 00:00:00.000000','16:44:27.000000','06:37:30.000000',63,63,63),
(64,'1998-08-05 00:00:00.000000','03:19:06.000000','03:04:38.000000',64,64,64),
(65,'1983-12-15 00:00:00.000000','17:15:06.000000','17:08:36.000000',65,65,65),
(66,'1984-12-06 00:00:00.000000','13:41:34.000000','16:29:45.000000',66,66,66),
(67,'2014-10-17 00:00:00.000000','00:03:57.000000','18:24:03.000000',67,67,67),
(68,'2004-05-06 00:00:00.000000','05:06:18.000000','16:57:58.000000',68,68,68),
(69,'1979-03-07 00:00:00.000000','01:48:48.000000','10:39:55.000000',69,69,69),
(70,'1975-12-01 00:00:00.000000','09:56:40.000000','18:56:43.000000',70,70,70),
(71,'1995-01-26 00:00:00.000000','15:29:35.000000','09:49:02.000000',71,71,71),
(72,'2022-07-30 00:00:00.000000','05:42:47.000000','19:26:10.000000',72,72,72),
(73,'1999-05-08 00:00:00.000000','04:35:39.000000','18:14:47.000000',73,73,73),
(74,'1997-07-17 00:00:00.000000','02:17:26.000000','13:58:19.000000',74,74,74),
(75,'1972-03-25 00:00:00.000000','02:44:19.000000','05:46:04.000000',75,75,75),
(76,'2017-08-23 00:00:00.000000','23:45:26.000000','07:22:22.000000',76,76,76),
(77,'1970-06-18 00:00:00.000000','11:30:36.000000','21:59:30.000000',77,77,77),
(78,'1985-07-08 00:00:00.000000','19:00:46.000000','10:58:56.000000',78,78,78),
(79,'1983-11-24 00:00:00.000000','15:41:29.000000','07:30:29.000000',79,79,79),
(80,'1975-07-24 00:00:00.000000','01:18:29.000000','10:06:39.000000',80,80,80),
(81,'1979-04-08 00:00:00.000000','16:31:39.000000','03:17:10.000000',81,81,81),
(82,'1987-01-07 00:00:00.000000','14:18:49.000000','19:25:21.000000',82,82,82),
(83,'1970-07-25 00:00:00.000000','00:14:32.000000','17:35:51.000000',83,83,83),
(84,'2004-02-07 00:00:00.000000','14:55:49.000000','23:05:22.000000',84,84,84),
(85,'1993-05-13 00:00:00.000000','09:34:04.000000','13:40:42.000000',85,85,85),
(86,'2010-08-05 00:00:00.000000','04:40:29.000000','01:57:10.000000',86,86,86),
(87,'1979-06-19 00:00:00.000000','12:57:27.000000','06:07:31.000000',87,87,87),
(88,'1999-08-01 00:00:00.000000','18:57:33.000000','21:56:14.000000',88,88,88),
(89,'2007-05-26 00:00:00.000000','17:19:56.000000','07:26:58.000000',89,89,89),
(90,'2020-04-17 00:00:00.000000','08:37:00.000000','17:11:24.000000',90,90,90),
(91,'2007-03-18 00:00:00.000000','12:24:18.000000','13:42:27.000000',91,91,91),
(92,'2012-03-31 00:00:00.000000','11:11:13.000000','21:10:18.000000',92,92,92),
(93,'2008-09-27 00:00:00.000000','20:08:00.000000','06:18:47.000000',93,93,93),
(94,'1990-01-21 00:00:00.000000','16:18:12.000000','19:25:03.000000',94,94,94),
(95,'1973-03-01 00:00:00.000000','18:59:42.000000','22:23:27.000000',95,95,95),
(96,'1981-12-25 00:00:00.000000','14:56:32.000000','12:08:32.000000',96,96,96),
(97,'2017-11-09 00:00:00.000000','06:02:42.000000','10:35:12.000000',97,97,97),
(98,'2001-09-29 00:00:00.000000','23:45:28.000000','23:03:42.000000',98,98,98),
(99,'1989-05-02 00:00:00.000000','14:44:34.000000','08:32:12.000000',99,99,99),
(100,'2012-11-20 00:00:00.000000','13:42:01.000000','00:24:01.000000',100,100,100);

UNLOCK TABLES;


LOCK TABLES `grades` WRITE;

insert into `grades` (id, exam_protocol_number, grade, session_type, student_id, subject_id, teacher_id) values (1, '7366', 5, 1, 67, 9, 61);
insert into `grades` (id, exam_protocol_number, grade, session_type, student_id, subject_id, teacher_id) values (2, '453', 4, 1, 12, 90, 54);
insert into `grades` (id, exam_protocol_number, grade, session_type, student_id, subject_id, teacher_id) values (3, '13', 2, 0, 74, 2, 39);
insert into `grades` (id, exam_protocol_number, grade, session_type, student_id, subject_id, teacher_id) values (4, '2', 2, 0, 41, 19, 8);
insert into `grades` (id, exam_protocol_number, grade, session_type, student_id, subject_id, teacher_id) values (5, '70', 2, 2, 21, 15, 92);
insert into `grades` (id, exam_protocol_number, grade, session_type, student_id, subject_id, teacher_id) values (6, '867', 5, 1, 38, 28, 33);
insert into `grades` (id, exam_protocol_number, grade, session_type, student_id, subject_id, teacher_id) values (7, '76', 5, 1, 17, 100, 74);
insert into `grades` (id, exam_protocol_number, grade, session_type, student_id, subject_id, teacher_id) values (8, '8534', 3, 0, 11, 75, 8);
insert into `grades` (id, exam_protocol_number, grade, session_type, student_id, subject_id, teacher_id) values (9, '2941', 5, 1, 67, 12, 89);
insert into `grades` (id, exam_protocol_number, grade, session_type, student_id, subject_id, teacher_id) values (10, '0623', 4, 2, 59, 4, 53);
insert into `grades` (id, exam_protocol_number, grade, session_type, student_id, subject_id, teacher_id) values (11, '71', 5, 1, 64, 98, 92);
insert into `grades` (id, exam_protocol_number, grade, session_type, student_id, subject_id, teacher_id) values (12, '26572', 4, 1, 70, 46, 51);
insert into `grades` (id, exam_protocol_number, grade, session_type, student_id, subject_id, teacher_id) values (13, '778', 6, 2, 39, 19, 85);
insert into `grades` (id, exam_protocol_number, grade, session_type, student_id, subject_id, teacher_id) values (14, '89', 3, 1, 16, 33, 83);
insert into `grades` (id, exam_protocol_number, grade, session_type, student_id, subject_id, teacher_id) values (15, '18877', 4, 1, 1, 4, 95);
insert into `grades` (id, exam_protocol_number, grade, session_type, student_id, subject_id, teacher_id) values (16, '836', 4, 2, 34,  88, 16);
insert into `grades` (id, exam_protocol_number, grade, session_type, student_id, subject_id, teacher_id) values (17, '5076', 3, 2, 80,  69, 93);
insert into `grades` (id, exam_protocol_number, grade, session_type, student_id, subject_id, teacher_id) values (18, '766', 2, 1, 70, 21, 27);
insert into `grades` (id, exam_protocol_number, grade, session_type, student_id, subject_id, teacher_id) values (19, '006', 4, 0, 22, 93, 50);
insert into `grades` (id, exam_protocol_number, grade, session_type, student_id, subject_id, teacher_id) values (20, '96', 4, 2, 70, 43, 78);
insert into `grades` (id, exam_protocol_number, grade, session_type, student_id, subject_id, teacher_id) values (21, '9', 3, 0, 15, 40, 56);
insert into `grades` (id, exam_protocol_number, grade, session_type, student_id, subject_id, teacher_id) values (22, '3766', 4, 1, 11, 37, 1);
insert into `grades` (id, exam_protocol_number, grade, session_type, student_id, subject_id, teacher_id) values (23, '1', 6, 2,  45, 19, 89);
insert into `grades` (id, exam_protocol_number, grade, session_type, student_id, subject_id, teacher_id) values (24, '58', 2, 0,  54, 53, 76);
insert into `grades` (id, exam_protocol_number, grade, session_type, student_id, subject_id, teacher_id) values (25, '101', 6, 2,  40, 84, 54);
insert into `grades` (id, exam_protocol_number, grade, session_type, student_id, subject_id, teacher_id) values (26, '944', 2, 0,  97, 22, 87);
insert into `grades` (id, exam_protocol_number, grade, session_type, student_id, subject_id, teacher_id) values (27, '890', 2, 2,  92, 39, 76);
insert into `grades` (id, exam_protocol_number, grade, session_type, student_id, subject_id, teacher_id) values (28, '715', 5, 1,  80, 64, 40);
insert into `grades` (id, exam_protocol_number, grade, session_type, student_id, subject_id, teacher_id) values (29, '102', 2, 0,  33, 61, 22);
insert into `grades` (id, exam_protocol_number, grade, session_type, student_id, subject_id, teacher_id) values (30, '6802', 5, 0,  77, 67, 1);
insert into `grades` (id, exam_protocol_number, grade, session_type, student_id, subject_id, teacher_id) values (31, '202', 6, 1,  98, 97, 86);
insert into `grades` (id, exam_protocol_number, grade, session_type, student_id, subject_id, teacher_id) values (32, '85', 2, 2,  90, 17, 32);
insert into `grades` (id, exam_protocol_number, grade, session_type, student_id, subject_id, teacher_id) values (33, '685', 4, 2,  9, 22, 79);
insert into `grades` (id, exam_protocol_number, grade, session_type, student_id, subject_id, teacher_id) values (34, '3584', 4, 1,  39, 17, 84);
insert into `grades` (id, exam_protocol_number, grade, session_type, student_id, subject_id, teacher_id) values (35, '8', 3, 1, 53,  36, 36);
insert into `grades` (id, exam_protocol_number, grade, session_type, student_id, subject_id, teacher_id) values (36, '853', 6, 2,  21, 55, 82);
insert into `grades` (id, exam_protocol_number, grade, session_type, student_id, subject_id, teacher_id) values (37, '8265', 6, 2,  75, 55, 69);
insert into `grades` (id, exam_protocol_number, grade, session_type, student_id, subject_id, teacher_id) values (38, '5804', 4, 0,  71, 98, 46);
insert into `grades` (id, exam_protocol_number, grade, session_type, student_id, subject_id, teacher_id) values (39, '0601', 3, 0,  85, 41, 78);
insert into `grades` (id, exam_protocol_number, grade, session_type, student_id, subject_id, teacher_id) values (40, '757', 5, 1,  72, 9, 11);
insert into `grades` (id, exam_protocol_number, grade, session_type, student_id, subject_id, teacher_id) values (41, '203', 2, 0,  7, 50, 75);
insert into `grades` (id, exam_protocol_number, grade, session_type, student_id, subject_id, teacher_id) values (42, '120', 6, 2, 62, 7, 45);
insert into `grades` (id, exam_protocol_number, grade, session_type, student_id, subject_id, teacher_id) values (43, '00', 6, 2,  71, 87, 45);
insert into `grades` (id, exam_protocol_number, grade, session_type, student_id, subject_id, teacher_id) values (44, '25', 4, 0,  81, 46, 76);
insert into `grades` (id, exam_protocol_number, grade, session_type, student_id, subject_id, teacher_id) values (45, '9', 3, 0, 61, 62, 35);
insert into `grades` (id, exam_protocol_number, grade, session_type, student_id, subject_id, teacher_id) values (46, '103', 4, 1, 51, 98, 49);
insert into `grades` (id, exam_protocol_number, grade, session_type, student_id, subject_id, teacher_id) values (47, '2674', 2, 2, 60, 25, 44);
insert into `grades` (id, exam_protocol_number, grade, session_type, student_id, subject_id, teacher_id) values (48, '787', 4, 1,  10, 28, 66);
insert into `grades` (id, exam_protocol_number, grade, session_type, student_id, subject_id, teacher_id) values (49, '7656', 6, 2, 37, 88, 9);
insert into `grades` (id, exam_protocol_number, grade, session_type, student_id, subject_id, teacher_id) values (50, '7', 5, 2, 10,  74, 58);
insert into `grades` (id, exam_protocol_number, grade, session_type, student_id, subject_id, teacher_id) values (51, '283', 6, 0,  38, 28, 96);
insert into `grades` (id, exam_protocol_number, grade, session_type, student_id, subject_id, teacher_id) values (52, '676', 4, 1,  26, 43, 57);
insert into `grades` (id, exam_protocol_number, grade, session_type, student_id, subject_id, teacher_id) values (53, '3', 2, 2, 20,  47, 25);
insert into `grades` (id, exam_protocol_number, grade, session_type, student_id, subject_id, teacher_id) values (54, '274', 5, 2, 26,  74, 59);
insert into `grades` (id, exam_protocol_number, grade, session_type, student_id, subject_id, teacher_id) values (55, '9470', 5, 2,  77, 14, 53);
insert into `grades` (id, exam_protocol_number, grade, session_type, student_id, subject_id, teacher_id) values (56, '0', 5, 1, 38,  83, 20);
insert into `grades` (id, exam_protocol_number, grade, session_type, student_id, subject_id, teacher_id) values (57, '5394', 6, 1,  25, 51, 59);
insert into `grades` (id, exam_protocol_number, grade, session_type, student_id, subject_id, teacher_id) values (58, '488', 4, 2,  28, 1, 33);
insert into `grades` (id, exam_protocol_number, grade, session_type, student_id, subject_id, teacher_id) values (59, '5286', 4, 1,  90, 12, 94);
insert into `grades` (id, exam_protocol_number, grade, session_type, student_id, subject_id, teacher_id) values (60, '5888', 4, 0,  95, 26, 68);
insert into `grades` (id, exam_protocol_number, grade, session_type, student_id, subject_id, teacher_id) values (61, '699', 6, 1, 86, 96, 23);
insert into `grades` (id, exam_protocol_number, grade, session_type, student_id, subject_id, teacher_id) values (62, '067', 5, 1,  66, 88, 15);
insert into `grades` (id, exam_protocol_number, grade, session_type, student_id, subject_id, teacher_id) values (63, '40', 2, 2,  40, 62, 32);
insert into `grades` (id, exam_protocol_number, grade, session_type, student_id, subject_id, teacher_id) values (64, '4', 4, 0, 47,  37, 1);
insert into `grades` (id, exam_protocol_number, grade, session_type, student_id, subject_id, teacher_id) values (65, '604', 4, 0,  3, 73, 77);
insert into `grades` (id, exam_protocol_number, grade, session_type, student_id, subject_id, teacher_id) values (66, '3', 6, 1, 34,  79, 54);
insert into `grades` (id, exam_protocol_number, grade, session_type, student_id, subject_id, teacher_id) values (67, '9666', 2, 1,  46, 25, 85);
insert into `grades` (id, exam_protocol_number, grade, session_type, student_id, subject_id, teacher_id) values (68, '2798', 2, 0,  25, 77, 88);
insert into `grades` (id, exam_protocol_number, grade, session_type, student_id, subject_id, teacher_id) values (69, '9370', 5, 1,  37, 70, 87);
insert into `grades` (id, exam_protocol_number, grade, session_type, student_id, subject_id, teacher_id) values (70, '3086', 3, 2,  44, 39, 93);
insert into `grades` (id, exam_protocol_number, grade, session_type, student_id, subject_id, teacher_id) values (71, '423', 6, 1,  33, 78, 36);
insert into `grades` (id, exam_protocol_number, grade, session_type, student_id, subject_id, teacher_id) values (72, '248', 2, 0,  1, 79, 88);
insert into `grades` (id, exam_protocol_number, grade, session_type, student_id, subject_id, teacher_id) values (73, '174', 4, 2,  15, 41, 51);
insert into `grades` (id, exam_protocol_number, grade, session_type, student_id, subject_id, teacher_id) values (74, '8', 5, 0, 2,  61, 25);
insert into `grades` (id, exam_protocol_number, grade, session_type, student_id, subject_id, teacher_id) values (75, '5179', 5, 2,  36, 98, 21);
insert into `grades` (id, exam_protocol_number, grade, session_type, student_id, subject_id, teacher_id) values (76, '351', 6, 2,  37, 3, 9);
insert into `grades` (id, exam_protocol_number, grade, session_type, student_id, subject_id, teacher_id) values (77, '34', 3, 2,  13, 100, 82);
insert into `grades` (id, exam_protocol_number, grade, session_type, student_id, subject_id, teacher_id) values (78, '467', 4,  2, 79, 21, 89);
insert into `grades` (id, exam_protocol_number, grade, session_type, student_id, subject_id, teacher_id) values (79, '7183', 6,  1, 14, 64, 83);
insert into `grades` (id, exam_protocol_number, grade, session_type, student_id, subject_id, teacher_id) values (80, '47', 4, 1,  6, 91, 60);
insert into `grades` (id, exam_protocol_number, grade, session_type, student_id, subject_id, teacher_id) values (81, '0', 5, 1,  14, 62, 40);
insert into `grades` (id, exam_protocol_number, grade, session_type, student_id, subject_id, teacher_id) values (82, '0424', 2, 0,  95, 58, 25);
insert into `grades` (id, exam_protocol_number, grade, session_type, student_id, subject_id, teacher_id) values (83, '5707', 6, 2,  2, 20, 5);
insert into `grades` (id, exam_protocol_number, grade, session_type, student_id, subject_id, teacher_id) values (84, '429', 2, 0,  56, 35, 65);
insert into `grades` (id, exam_protocol_number, grade, session_type, student_id, subject_id, teacher_id) values (85, '657', 4, 0,  15, 98, 49);
insert into `grades` (id, exam_protocol_number, grade, session_type, student_id, subject_id, teacher_id) values (86, '2186', 2, 1,  81, 80, 15);
insert into `grades` (id, exam_protocol_number, grade, session_type, student_id, subject_id, teacher_id) values (87, '932', 4, 2, 2,  35, 69);
insert into `grades` (id, exam_protocol_number, grade, session_type, student_id, subject_id, teacher_id) values (88, '5', 6, 2, 11,  1, 71);
insert into `grades` (id, exam_protocol_number, grade, session_type, student_id, subject_id, teacher_id) values (89, '184', 5, 1,  97, 74, 28);
insert into `grades` (id, exam_protocol_number, grade, session_type, student_id, subject_id, teacher_id) values (90, '6183', 6, 2,  13, 47, 18);
insert into `grades` (id, exam_protocol_number, grade, session_type, student_id, subject_id, teacher_id) values (91, '255', 2, 2,  86, 1, 78);
insert into `grades` (id, exam_protocol_number, grade, session_type, student_id, subject_id, teacher_id) values (92, '10', 4, 2,  59, 45, 50);
insert into `grades` (id, exam_protocol_number, grade, session_type, student_id, subject_id, teacher_id) values (93, '09', 3, 1, 11, 25, 52);
insert into `grades` (id, exam_protocol_number, grade, session_type, student_id, subject_id, teacher_id) values (94, '14', 3, 0,  4, 89, 9);
insert into `grades` (id, exam_protocol_number, grade, session_type, student_id, subject_id, teacher_id) values (95, '0123', 5, 2, 63, 2, 86);
insert into `grades` (id, exam_protocol_number, grade, session_type, student_id, subject_id, teacher_id) values (96, '68', 4, 1, 55, 76, 22);
insert into `grades` (id, exam_protocol_number, grade, session_type, student_id, subject_id, teacher_id) values (97, '114', 5, 0,  50, 42, 64);
insert into `grades` (id, exam_protocol_number, grade, session_type, student_id, subject_id, teacher_id) values (98, '450', 3, 0, 39, 83, 93);
insert into `grades` (id, exam_protocol_number, grade, session_type, student_id, subject_id, teacher_id) values (99, '99', 6, 0, 3, 91, 57);
insert into `grades` (id, exam_protocol_number, grade, session_type, student_id, subject_id, teacher_id) values (100, '5940', 2, 0,  76, 57, 52);

UNLOCK TABLES;


LOCK TABLES `health_insurance_payments` WRITE;

INSERT INTO `health_insurance_payments` VALUES
(1,3033344.55,'1979-10-30 00:00:00.000000','1987-05-05 00:00:00.000000',1),
(2,18050940.21,'1979-12-22 00:00:00.000000','2013-04-12 00:00:00.000000',6),
(3,0.00,'2019-04-06 00:00:00.000000','2014-09-13 00:00:00.000000',1),
(4,1877978.16,'2021-04-10 00:00:00.000000','2024-05-27 00:00:00.000000',6),
(5,6.74,'2009-08-12 00:00:00.000000','1978-08-01 00:00:00.000000',1),
(6,14073327.74,'2004-10-22 00:00:00.000000','1990-01-22 00:00:00.000000',6),
(7,3.11,'2020-02-11 00:00:00.000000','1993-01-08 00:00:00.000000',1),
(8,3.00,'1978-03-28 00:00:00.000000','2015-04-27 00:00:00.000000',6),
(9,0.91,'2000-07-12 00:00:00.000000','1979-09-23 00:00:00.000000',1),
(10,466.37,'1976-11-01 00:00:00.000000','2018-10-07 00:00:00.000000',6),
(11,35376.14,'1989-06-25 00:00:00.000000','2012-09-06 00:00:00.000000',1),
(12,1466.46,'1997-02-21 00:00:00.000000','2020-03-14 00:00:00.000000',6),
(13,28.33,'2002-06-23 00:00:00.000000','1992-11-02 00:00:00.000000',1),
(14,218576095.00,'1978-07-01 00:00:00.000000','1984-12-18 00:00:00.000000',6),
(15,23.36,'1971-09-25 00:00:00.000000','2022-03-03 00:00:00.000000',1),
(16,7779.40,'1977-05-22 00:00:00.000000','2023-10-20 00:00:00.000000',6),
(17,146.52,'1998-11-28 00:00:00.000000','2016-01-22 00:00:00.000000',1),
(18,33.73,'1986-08-23 00:00:00.000000','2013-07-14 00:00:00.000000',6),
(19,63821.45,'2007-06-07 00:00:00.000000','1981-03-10 00:00:00.000000',1),
(20,42549.20,'1971-07-02 00:00:00.000000','2019-09-18 00:00:00.000000',6),
(21,701146376.53,'1972-02-01 00:00:00.000000','1990-01-09 00:00:00.000000',1),
(22,31.54,'1980-12-13 00:00:00.000000','1994-03-02 00:00:00.000000',6),
(23,0.00,'1972-04-06 00:00:00.000000','1997-03-13 00:00:00.000000',1),
(24,0.00,'1995-02-06 00:00:00.000000','2018-08-18 00:00:00.000000',6),
(25,216461588.59,'2011-05-28 00:00:00.000000','2018-09-12 00:00:00.000000',1),
(26,29.99,'1974-11-03 00:00:00.000000','1995-07-05 00:00:00.000000',6),
(27,20368119.00,'1997-07-01 00:00:00.000000','1988-02-18 00:00:00.000000',1),
(28,0.00,'1987-07-17 00:00:00.000000','1988-06-11 00:00:00.000000',6),
(29,2077.29,'1989-01-31 00:00:00.000000','2005-09-13 00:00:00.000000',1),
(30,38.34,'1971-10-16 00:00:00.000000','1972-06-26 00:00:00.000000',6),
(31,152.09,'1976-05-07 00:00:00.000000','2004-09-05 00:00:00.000000',1),
(32,3.45,'2002-09-05 00:00:00.000000','2022-10-01 00:00:00.000000',6),
(33,10214.86,'1981-02-08 00:00:00.000000','2004-05-03 00:00:00.000000',1),
(34,20694331.71,'1985-05-23 00:00:00.000000','2023-03-31 00:00:00.000000',6),
(35,1.00,'1986-08-18 00:00:00.000000','1974-12-26 00:00:00.000000',1),
(36,57821961.17,'1989-01-24 00:00:00.000000','1972-11-29 00:00:00.000000',6),
(37,113568.00,'1992-09-07 00:00:00.000000','1978-07-17 00:00:00.000000',1),
(38,3055115.01,'1978-03-22 00:00:00.000000','1971-09-10 00:00:00.000000',6),
(39,22.36,'1984-10-23 00:00:00.000000','1986-04-14 00:00:00.000000',1),
(40,206846.59,'1983-08-24 00:00:00.000000','2007-10-10 00:00:00.000000',6),
(41,3183.95,'2006-10-16 00:00:00.000000','1973-12-26 00:00:00.000000',1),
(42,51560151.60,'2017-05-12 00:00:00.000000','1984-12-12 00:00:00.000000',6),
(43,21161981.54,'2017-09-24 00:00:00.000000','1986-06-04 00:00:00.000000',1),
(44,37.52,'1998-04-07 00:00:00.000000','2012-07-16 00:00:00.000000',6),
(45,1525050.23,'1973-09-10 00:00:00.000000','1986-09-22 00:00:00.000000',1),
(46,4440466.45,'2024-01-12 00:00:00.000000','2013-11-09 00:00:00.000000',6),
(47,21.97,'1995-03-31 00:00:00.000000','1994-11-21 00:00:00.000000',1),
(48,5483.00,'1978-04-17 00:00:00.000000','1980-01-20 00:00:00.000000',6),
(49,87959.36,'1977-10-15 00:00:00.000000','1985-11-10 00:00:00.000000',1),
(50,0.00,'2000-12-24 00:00:00.000000','2020-10-28 00:00:00.000000',6),
(51,72253552.96,'1979-10-21 00:00:00.000000','1988-12-20 00:00:00.000000',1),
(52,18913404.55,'1989-03-02 00:00:00.000000','2019-01-03 00:00:00.000000',6),
(53,2535.90,'2025-03-07 00:00:00.000000','1988-02-23 00:00:00.000000',1),
(54,271611560.39,'1978-01-02 00:00:00.000000','2018-03-02 00:00:00.000000',6),
(55,154495.10,'2020-07-14 00:00:00.000000','1987-02-18 00:00:00.000000',1),
(56,175.84,'1985-09-14 00:00:00.000000','1990-08-13 00:00:00.000000',6),
(57,0.00,'2008-04-15 00:00:00.000000','2006-04-24 00:00:00.000000',1),
(58,1.38,'2004-02-15 00:00:00.000000','1999-08-19 00:00:00.000000',6),
(59,0.00,'1977-03-22 00:00:00.000000','1992-11-01 00:00:00.000000',1),
(60,0.00,'1997-01-20 00:00:00.000000','2014-03-03 00:00:00.000000',6),
(61,464.81,'2009-03-21 00:00:00.000000','1992-03-12 00:00:00.000000',1),
(62,799764.50,'1970-11-11 00:00:00.000000','1986-05-29 00:00:00.000000',6),
(63,876.78,'2001-09-23 00:00:00.000000','1982-12-23 00:00:00.000000',1),
(64,18.82,'1994-10-03 00:00:00.000000','2003-06-27 00:00:00.000000',6),
(65,318.52,'2001-04-02 00:00:00.000000','2004-04-13 00:00:00.000000',1),
(66,28831643.00,'2024-10-19 00:00:00.000000','2015-08-29 00:00:00.000000',6),
(67,2959402.00,'1983-02-01 00:00:00.000000','2024-08-26 00:00:00.000000',1),
(68,637983374.24,'2016-09-23 00:00:00.000000','1993-03-03 00:00:00.000000',6),
(69,3.62,'1973-10-30 00:00:00.000000','2013-09-01 00:00:00.000000',1),
(70,1246342.81,'2016-06-19 00:00:00.000000','1979-08-29 00:00:00.000000',6),
(71,81245.40,'2019-01-26 00:00:00.000000','1970-05-30 00:00:00.000000',1),
(72,293.28,'1991-03-27 00:00:00.000000','1988-07-30 00:00:00.000000',6),
(73,6897434.61,'1995-10-29 00:00:00.000000','1974-02-07 00:00:00.000000',1),
(74,1262407.90,'2004-09-08 00:00:00.000000','2018-11-20 00:00:00.000000',6),
(75,5531.42,'1988-07-28 00:00:00.000000','2009-09-03 00:00:00.000000',1),
(76,943332.48,'2009-07-16 00:00:00.000000','2011-09-05 00:00:00.000000',6),
(77,34.00,'2012-11-11 00:00:00.000000','1988-02-19 00:00:00.000000',1),
(78,1233.00,'2016-11-02 00:00:00.000000','2010-10-21 00:00:00.000000',6),
(79,1342.36,'2000-01-14 00:00:00.000000','2022-06-11 00:00:00.000000',1),
(80,0.70,'2021-06-01 00:00:00.000000','1972-10-21 00:00:00.000000',6),
(81,301.00,'1993-06-22 00:00:00.000000','1971-07-05 00:00:00.000000',1),
(82,16339589.00,'2019-12-12 00:00:00.000000','2008-07-27 00:00:00.000000',6),
(83,2180419.33,'2012-03-24 00:00:00.000000','2018-10-20 00:00:00.000000',1),
(84,3112059.10,'2018-06-13 00:00:00.000000','2001-07-14 00:00:00.000000',6),
(85,0.00,'1994-04-21 00:00:00.000000','1974-12-13 00:00:00.000000',1),
(86,41849926.30,'1990-01-02 00:00:00.000000','1989-03-25 00:00:00.000000',6),
(87,219469.00,'1983-08-31 00:00:00.000000','1973-04-03 00:00:00.000000',1),
(88,663157.70,'1988-09-03 00:00:00.000000','2010-01-22 00:00:00.000000',6),
(89,206102.71,'1982-10-15 00:00:00.000000','1996-08-15 00:00:00.000000',1),
(90,144.47,'2018-04-18 00:00:00.000000','2002-06-20 00:00:00.000000',6),
(91,0.00,'1994-09-09 00:00:00.000000','2024-11-08 00:00:00.000000',1),
(92,23512.67,'2023-06-16 00:00:00.000000','1970-11-24 00:00:00.000000',6),
(93,823014.46,'2008-09-20 00:00:00.000000','2004-04-30 00:00:00.000000',1),
(94,804456.98,'2021-06-30 00:00:00.000000','2005-02-26 00:00:00.000000',6),
(95,1.08,'2015-08-02 00:00:00.000000','1987-11-25 00:00:00.000000',1),
(96,3322.00,'2015-12-02 00:00:00.000000','2020-06-05 00:00:00.000000',6),
(97,0.00,'1981-10-13 00:00:00.000000','1970-07-12 00:00:00.000000',1),
(98,3.38,'1998-08-05 00:00:00.000000','1971-02-14 00:00:00.000000',6),
(99,1.38,'2024-05-06 00:00:00.000000','1971-08-08 00:00:00.000000',1),
(100,88.81,'1993-10-27 00:00:00.000000','1997-09-19 00:00:00.000000',6);

UNLOCK TABLES;

LOCK TABLES `payments` WRITE;

INSERT INTO `payments` VALUES
(1,0.00,'2005-12-29 00:00:00.000000',2,2,1),
(2,0.00,'2000-05-18 00:00:00.000000',2,2,6),
(3,0.00,'1973-10-21 00:00:00.000000',2,1,1),
(4,0.00,'1970-12-16 00:00:00.000000',2,1,6),
(5,2689.36,'2024-12-16 00:00:00.000000',2,1,1),
(6,49779305.35,'2024-05-20 00:00:00.000000',0,0,6),
(7,5112.00,'1999-01-14 00:00:00.000000',1,3,1),
(8,9284.60,'1999-03-09 00:00:00.000000',2,1,6),
(9,573628.40,'1996-12-13 00:00:00.000000',0,2,1),
(10,17464.00,'1980-12-20 00:00:00.000000',1,0,6),
(11,347637488.92,'2000-12-19 00:00:00.000000',2,0,1),
(12,5025.27,'2022-06-13 00:00:00.000000',1,2,6),
(13,6.28,'1999-11-08 00:00:00.000000',2,1,1),
(14,954075.73,'1986-09-04 00:00:00.000000',1,1,6),
(15,48.34,'1979-08-18 00:00:00.000000',2,0,1),
(16,952370771.96,'2014-11-10 00:00:00.000000',1,1,6),
(17,64.38,'2006-11-15 00:00:00.000000',1,3,1),
(18,825213728.88,'2024-12-15 00:00:00.000000',1,2,6),
(19,1806.54,'1984-09-23 00:00:00.000000',2,3,1),
(20,63444223.00,'2001-09-04 00:00:00.000000',2,2,6),
(21,165.17,'2012-10-25 00:00:00.000000',2,0,1),
(22,20089.75,'2014-04-22 00:00:00.000000',0,1,6),
(23,36661914.26,'1992-03-23 00:00:00.000000',0,3,1),
(24,20295863.25,'1986-02-23 00:00:00.000000',0,2,6),
(25,25688284.38,'1986-01-17 00:00:00.000000',0,2,1),
(26,229.00,'2024-07-13 00:00:00.000000',0,2,6),
(27,19.40,'2018-05-11 00:00:00.000000',2,1,1),
(28,35838036.20,'1993-08-26 00:00:00.000000',0,2,6),
(29,2.83,'1983-12-14 00:00:00.000000',0,0,1),
(30,10.53,'1997-10-06 00:00:00.000000',0,1,6),
(31,156.04,'2003-01-23 00:00:00.000000',1,3,1),
(32,18479396.82,'2003-02-23 00:00:00.000000',1,0,6),
(33,74.49,'1981-09-22 00:00:00.000000',2,0,1),
(34,8.62,'2018-12-01 00:00:00.000000',0,0,6),
(35,670.11,'2019-10-12 00:00:00.000000',1,0,1),
(36,7022599.09,'1980-09-18 00:00:00.000000',2,2,6),
(37,29.31,'1978-11-16 00:00:00.000000',1,2,1),
(38,231022958.87,'2011-04-19 00:00:00.000000',2,3,6),
(39,0.00,'2018-12-25 00:00:00.000000',2,1,1),
(40,31600.00,'1996-06-20 00:00:00.000000',2,1,6),
(41,194.26,'2012-01-24 00:00:00.000000',0,1,1),
(42,1367.66,'2007-04-05 00:00:00.000000',1,0,6),
(43,0.00,'1988-12-24 00:00:00.000000',0,3,1),
(44,288.44,'1996-06-24 00:00:00.000000',1,3,6),
(45,1.51,'1988-11-15 00:00:00.000000',2,1,1),
(46,1144.00,'2002-07-28 00:00:00.000000',0,0,6),
(47,58254780.97,'1989-09-05 00:00:00.000000',1,3,1),
(48,646759.56,'1976-06-09 00:00:00.000000',2,3,6),
(49,16223.68,'1997-04-03 00:00:00.000000',0,2,1),
(50,2495611.28,'1979-01-31 00:00:00.000000',0,2,6),
(51,21638.74,'2009-10-31 00:00:00.000000',1,0,1),
(52,3355.00,'2014-09-13 00:00:00.000000',1,2,6),
(53,211.80,'2012-02-12 00:00:00.000000',0,0,1),
(54,12046.65,'2015-12-28 00:00:00.000000',0,1,6),
(55,67176995.30,'2016-07-08 00:00:00.000000',2,3,1),
(56,27476.00,'1987-12-19 00:00:00.000000',2,0,6),
(57,3786.00,'1994-11-17 00:00:00.000000',1,1,1),
(58,0.00,'2002-11-28 00:00:00.000000',1,2,6),
(59,688643126.76,'1973-10-01 00:00:00.000000',0,0,1),
(60,2.35,'2023-05-22 00:00:00.000000',1,3,6),
(61,3.70,'2006-06-15 00:00:00.000000',0,3,1),
(62,66630.92,'2022-06-30 00:00:00.000000',0,0,6),
(63,5663322.78,'1994-12-17 00:00:00.000000',0,1,1),
(64,179490.40,'1970-06-08 00:00:00.000000',2,2,6),
(65,0.00,'1984-05-13 00:00:00.000000',2,0,1),
(66,79.00,'1998-08-07 00:00:00.000000',1,0,6),
(67,50978841.25,'2022-03-26 00:00:00.000000',2,3,1),
(68,8942.43,'1976-02-22 00:00:00.000000',2,2,6),
(69,6.11,'2010-03-16 00:00:00.000000',0,1,1),
(70,21.55,'2014-09-19 00:00:00.000000',2,3,6),
(71,6131.00,'2007-08-22 00:00:00.000000',0,3,1),
(72,1886051.00,'1991-07-27 00:00:00.000000',2,2,6),
(73,2419.45,'2009-01-24 00:00:00.000000',0,1,1),
(74,45.00,'1984-01-13 00:00:00.000000',0,0,6),
(75,721100.37,'2010-11-11 00:00:00.000000',0,1,1),
(76,1313246.40,'2024-09-30 00:00:00.000000',1,2,6),
(77,1609.29,'1976-12-20 00:00:00.000000',1,1,1),
(78,0.00,'1992-06-11 00:00:00.000000',0,0,6),
(79,393642.66,'1971-09-26 00:00:00.000000',0,1,1),
(80,0.00,'2001-03-26 00:00:00.000000',1,1,6),
(81,22.31,'1973-02-18 00:00:00.000000',1,2,1),
(82,0.76,'1990-12-07 00:00:00.000000',2,1,6),
(83,2.15,'1975-02-14 00:00:00.000000',0,2,1),
(84,1957.92,'2007-02-10 00:00:00.000000',2,1,6),
(85,43.53,'2017-02-03 00:00:00.000000',0,3,1),
(86,56053.02,'1989-05-17 00:00:00.000000',0,1,6),
(87,3489629.10,'1981-04-21 00:00:00.000000',2,3,1),
(88,149825984.87,'1986-07-01 00:00:00.000000',1,0,6),
(89,0.00,'1981-06-24 00:00:00.000000',2,2,1),
(90,542.56,'1993-03-08 00:00:00.000000',2,2,6),
(91,0.00,'1989-05-10 00:00:00.000000',2,3,1),
(92,566.00,'2015-07-26 00:00:00.000000',2,2,6),
(93,4433.35,'1988-09-22 00:00:00.000000',2,2,1),
(94,19.97,'1992-01-03 00:00:00.000000',2,3,6),
(95,6410945.65,'2018-04-19 00:00:00.000000',2,0,1),
(96,300172459.90,'1984-11-11 00:00:00.000000',1,1,6),
(97,0.18,'2005-11-15 00:00:00.000000',2,0,1),
(98,27.00,'1991-02-12 00:00:00.000000',1,3,6),
(99,1.89,'2004-01-30 00:00:00.000000',0,1,1),
(100,26.82,'2005-07-01 00:00:00.000000',0,2,6);

UNLOCK TABLES;

LOCK TABLES `scholarship_applications` WRITE;

INSERT INTO `scholarship_applications` VALUES
(1,35.00,1,'2020-02-13 00:00:00.000000',1,1),
(2,5.00,0,'2011-01-13 00:00:00.000000',2,6),
(3,36.00,1,'1975-11-12 00:00:00.000000',3,1),
(4,6.07,1,'1999-05-30 00:00:00.000000',4,6),
(5,157366.44,1,'2008-06-20 00:00:00.000000',5,1),
(6,0.00,0,'2007-11-24 00:00:00.000000',6,6),
(7,599.40,2,'1990-06-21 00:00:00.000000',7,1),
(8,39151.52,0,'1996-01-18 00:00:00.000000',8,6),
(9,4952288.90,2,'2025-02-21 00:00:00.000000',9,1),
(10,73420.49,0,'2005-04-01 00:00:00.000000',10,6),
(11,256447.40,1,'1973-12-18 00:00:00.000000',11,1),
(12,56458883.07,2,'2022-03-09 00:00:00.000000',12,6),
(13,99999999.99,0,'2005-10-07 00:00:00.000000',13,1),
(14,0.00,0,'1973-10-03 00:00:00.000000',14,6),
(15,296498.00,0,'2014-06-27 00:00:00.000000',15,1),
(16,2197817.09,2,'2010-09-09 00:00:00.000000',16,6),
(17,604.55,2,'2020-03-24 00:00:00.000000',17,1),
(18,244.06,0,'2016-11-05 00:00:00.000000',18,6),
(19,29390.95,1,'1998-03-23 00:00:00.000000',19,1),
(20,449561.62,1,'2008-05-06 00:00:00.000000',20,6),
(21,63424684.31,1,'2000-06-27 00:00:00.000000',21,1),
(22,0.83,0,'1985-03-26 00:00:00.000000',22,6),
(23,446.80,2,'1996-01-22 00:00:00.000000',23,1),
(24,16447957.19,1,'1977-06-15 00:00:00.000000',24,6),
(25,99999999.99,0,'1989-07-28 00:00:00.000000',25,1),
(26,0.00,0,'2019-06-26 00:00:00.000000',26,6),
(27,1.37,0,'2001-08-27 00:00:00.000000',27,1),
(28,221843.88,2,'1978-09-30 00:00:00.000000',28,6),
(29,75283.99,0,'2012-04-27 00:00:00.000000',29,1),
(30,96248657.29,0,'1984-01-31 00:00:00.000000',30,6),
(31,34098.42,0,'1981-10-10 00:00:00.000000',31,1),
(32,16.06,1,'1975-12-28 00:00:00.000000',32,6),
(33,1209.28,1,'2003-05-07 00:00:00.000000',33,1),
(34,655361.15,0,'1989-08-27 00:00:00.000000',34,6),
(35,0.00,2,'1992-06-27 00:00:00.000000',35,1),
(36,11.53,1,'2022-09-15 00:00:00.000000',36,6),
(37,76.27,2,'1973-08-12 00:00:00.000000',37,1),
(38,6943529.09,2,'2007-07-16 00:00:00.000000',38,6),
(39,0.00,2,'2007-07-26 00:00:00.000000',39,1),
(40,922.64,0,'1981-04-09 00:00:00.000000',40,6),
(41,99999999.99,1,'2000-02-27 00:00:00.000000',41,1),
(42,185.69,0,'2006-04-19 00:00:00.000000',42,6),
(43,6157.69,2,'1994-08-06 00:00:00.000000',43,1),
(44,0.00,2,'2024-08-01 00:00:00.000000',44,6),
(45,99999999.99,1,'2009-08-13 00:00:00.000000',45,1),
(46,93.60,2,'2006-02-28 00:00:00.000000',46,6),
(47,3193.02,2,'1999-01-14 00:00:00.000000',47,1),
(48,4355766.10,2,'2005-01-19 00:00:00.000000',48,6),
(49,61.00,1,'2012-10-21 00:00:00.000000',49,1),
(50,485669.49,0,'1984-02-13 00:00:00.000000',50,6),
(51,664.21,1,'2018-06-17 00:00:00.000000',51,1),
(52,0.00,2,'2013-09-16 00:00:00.000000',52,6),
(53,129.80,1,'1973-07-11 00:00:00.000000',53,1),
(54,35313.67,0,'1994-04-19 00:00:00.000000',54,6),
(55,99999999.99,0,'1974-05-13 00:00:00.000000',55,1),
(56,49276079.60,2,'2017-01-19 00:00:00.000000',56,6),
(57,99999999.99,2,'1983-08-07 00:00:00.000000',57,1),
(58,4864234.74,1,'1983-10-28 00:00:00.000000',58,6),
(59,1941823.03,0,'2006-05-01 00:00:00.000000',59,1),
(60,8056.69,0,'1973-07-24 00:00:00.000000',60,6),
(61,19439.01,0,'2001-09-11 00:00:00.000000',61,1),
(62,4612.03,2,'2011-03-19 00:00:00.000000',62,6),
(63,18.98,0,'1990-12-27 00:00:00.000000',63,1),
(64,5439.59,0,'2012-01-03 00:00:00.000000',64,6),
(65,47687.80,2,'1995-05-06 00:00:00.000000',65,1),
(66,8.98,0,'1978-11-21 00:00:00.000000',66,6),
(67,6374821.40,2,'1984-05-05 00:00:00.000000',67,1),
(68,3225.00,0,'2017-10-06 00:00:00.000000',68,6),
(69,6976498.69,1,'2022-03-20 00:00:00.000000',69,1),
(70,7853179.65,2,'1986-06-25 00:00:00.000000',70,6),
(71,0.00,2,'2018-07-28 00:00:00.000000',71,1),
(72,11.23,0,'2011-03-29 00:00:00.000000',72,6),
(73,707.36,0,'2015-03-07 00:00:00.000000',73,1),
(74,963135.69,2,'1994-02-16 00:00:00.000000',74,6),
(75,1181.55,2,'2011-07-06 00:00:00.000000',75,1),
(76,2.40,2,'2019-07-03 00:00:00.000000',76,6),
(77,2.84,1,'2021-10-23 00:00:00.000000',77,1),
(78,244343.22,0,'1984-10-24 00:00:00.000000',78,6),
(79,99999999.99,2,'2004-08-04 00:00:00.000000',79,1),
(80,0.00,0,'1985-02-28 00:00:00.000000',80,6),
(81,0.00,1,'1996-07-18 00:00:00.000000',81,1),
(82,0.00,2,'2021-01-27 00:00:00.000000',82,6),
(83,77017561.30,1,'2012-03-02 00:00:00.000000',83,1),
(84,28988.00,2,'1979-04-10 00:00:00.000000',84,6),
(85,52818439.12,2,'1971-09-21 00:00:00.000000',85,1),
(86,191633.36,1,'1985-08-10 00:00:00.000000',86,6),
(87,850.00,0,'1984-02-20 00:00:00.000000',87,1),
(88,0.00,0,'2020-08-12 00:00:00.000000',88,6),
(89,222565.25,0,'2022-06-19 00:00:00.000000',89,1),
(90,174759.15,0,'1979-07-03 00:00:00.000000',90,6),
(91,1552.12,2,'1983-11-29 00:00:00.000000',91,1),
(92,329056.78,1,'2019-08-28 00:00:00.000000',92,6),
(93,0.79,2,'2018-09-17 00:00:00.000000',93,1),
(94,40.30,0,'1970-11-04 00:00:00.000000',94,6),
(95,4331.56,0,'2006-12-01 00:00:00.000000',95,1),
(96,394.54,1,'1983-08-22 00:00:00.000000',96,6),
(97,1698894.93,0,'1997-06-30 00:00:00.000000',97,1),
(98,0.82,1,'2016-03-28 00:00:00.000000',98,6),
(99,506.16,1,'2009-08-20 00:00:00.000000',99,1),
(100,49.56,1,'2003-12-06 00:00:00.000000',100,6);

UNLOCK TABLES;
